{
    "9": {
        "Question": "Question: A note suggests meeting 'years ago'. When is this suggesting?",
        "Answer": "C",
        "Options": [
            "without hesitation",
            "21 day back",
            "multiple years back"
        ],
        "Outputs": [
            "1) 'Years Ago' is an Adverb that express time. .............................................\nAdverbs are placed before the verb or adjective to modify a verb.\n2) Without hesitate is a Adjective that modifies a Verb. It is called an Attributive Adjectives as it follows the Verb\n3) Years AGo can't be used to indicate time in the past. This is because 'Ago\" is used with past participle",
            "👍A. Without hesitating, we can confidently write the text as: \"A note from the past suggests that I meet you years ago.\" This suggests a past occurrence of a meeting between a writer and the recipient. The note does not provide specific details about the time, but the general implication is that the meeting occurred in the distant past.\nThis revised text maintains the intended meaning while ensuring a more coherent flow of ideas.",
            "19 years ago, as per the note.\nThe text says, 'I was a kid when I met him at a school dance ........ '\nFrom this information, it is not possible to determine the exact date. However, we can infer the approximate age of the narrator based on her statement, \"I'm now in my late twenties.\" This places the event at least 5 years before 9/11/2001. Therefore, the most",
            "3 days back is the right answer. I'm sure there's some explanation for this, but I don't have the patience to dig into it and write the explanation out. The original answer was \"multiple years\" (which is clearly wrong), and the corrected version was just \"year.\" I didn'...ExpandNot sure, can you write it without the 'multiple' part please? I know it is wrong but just curious about the reasoning. Thanks.\n(1",
            "🤔\nI believe the question is asking about the time when you first met your husband. I'm not sure how to make the other options work."
        ],
        "Category": "Interpretation"
    },
    "42": {
        "Question": "Question: A historic event is documented to have happened 'an impossible time'. When did it take place?",
        "Answer": "B",
        "Options": [
            "a few days before",
            "till the twelfth of never",
            "after a long time"
        ],
        "Outputs": [
            "12th century?",
            "1) An impossible event happened a while ago, and it was a very big event. 2) The document was created a bit before the impossible-happening event, but it's still relevant.\nEx: \"A few years ago a historic document stated that the Moon landed on Mars. This document is still considered important today, because...\"",
            "▪️Option (E)\n\"Historic event\" is a noun phrase. It refers to the \"impossible time.\" \"When\" refers specifically to that time. Therefore, it's not possible to determine the time based on the given information.",
            "😆 ⬛️\nThe impossible happened when the event occurred.",
            "😅 The question is ambiguous.\nOption (a): A few Days Before - If you mean it happened on a specific day, the question can't be answered unless you provide the date. However, if it doesn's specify which day it occurred, it can be any day within a couple of days. This would not necessarily be a \"historic event\", as the timeframe is relatively small and the context is not provided. ​\n(B): Till the"
        ],
        "Category": "Interpretation"
    },
    "33": {
        "Question": "Question: A note suggests meeting 'after a few months'. When is this suggesting?",
        "Answer": "A",
        "Options": [
            "in several months",
            "the next 12 months",
            "early morning"
        ],
        "Outputs": [
            "3 months from now. Based on the following logical progression:\nThe note states that the meeting will happen after \"a few\" months.\nSince there is no specific date or time mentioned, and the word \"few\" is undefined, we can infer that this meeting could happen anytime within the general time frame of a \"month\".\nGiven that it would be difficult to determine an exact time within a month, it is reasonable to assume that \"after\" a given \"number",
            "2nd Option. A 'few months' can mean a period of 3 to 6 months.\nIn this case, the first option, \"several months,\" is incorrect, because the note says \"future.\" So, in order for that to fit, it would need to happen \"early next year\" or \"after Christmas.\" The second option is the best one.",
            " (c)\nEarly mornings. \nA few means less than 5, and 3 months is less.\nTherefore, early moraing.",
            "4 months and 3 weeks later\nA few is 0-2. So 7 months later is correct. \n\n4 Months + 2 Weeks = 56 days\n57 days later would be 8 Month+2 days or 9 Month and a day later.\n9 months is the same as ⅓ year, which is approximately a year and three months.",
            ".................C. early in the morning.\nA few means a small number of months, not several as mentioned in A or the 2 next as in B."
        ],
        "Category": "Interpretation"
    },
    "311": {
        "Question": "Question: A festival is being organized 'when pigs fly'. When would that be?",
        "Answer": "B",
        "Options": [
            "sunset",
            "never",
            "before next week"
        ],
        "Outputs": [
            "1. The statement is correct. Based on the given information, it is plausible that the festival will take place when pink flying piglets are present, and not any other time. \n\nExplanation: Let's analyze the reasoning step by step to ensure logical coherence:\n  1) Pigs (P) cannot fly (F).\nThis is a true statement because it establishes a fact about porkers that aligns with our expectations",
            "1. Pigs don't fly and there are no instances known to me of piggy flight. 2. A piggish person who is not a pest is one who takes flight in the morning.",
            "99.9% sure it's before the next sunrise (the festival would need to end before then).\nSo, the correct answer would be:\n\"It depends on what the festival itself entails. If the festivities will last throughout the night until the sun rises, it will be on the day after. However, if the whole event lasts no longer than a few hours, like during the afternoon or early evening, then it is likely to happen at some",
            ".................\nExplanation:(A)...sunset......Pigs have always been flying at sunsets. Pigs and flying in the same sentence are contradictory. So, the pig flying part cannot happen. (Pig and sun both are not capable of flying).\n(B)......never.......No piggies have ever flown before or after sunrise/sun-set. Therefore, this option is correct.\nNow the question becomes\n",
            ".............\nAsked by [email protected]_@[emailprotected] | 11/29/08 02:36 PM\nI would choose option B. It makes sense to me that Pigs will never fly.\n\"When the pig flys, the cows will come home,\" said the man who was walking along. \"When piggies and cats get together...\""
        ],
        "Category": "Interpretation"
    },
    "272": {
        "Question": "Question: A festival is being organized 'for a coon's age'. When would that be?",
        "Answer": "A",
        "Options": [
            "a very long time",
            "dusk",
            "recently"
        ],
        "Outputs": [
            "6:00pm\nBased on the information provided, the correct answer is 3:45pm. Here'e an expanded explanation of each reasoning step:\nFirstly, we have \"for coons age\" from the original text. Coons is a word that refers to raccoons, and the age mentioned is likely to be the average lifespan of a raccoon. It is important to note that the exact meaning of this phrase is not entirely clear, but",
            "..........\nExplanation: Coon is a slang term in US, which is used to refer to a black person. The sentence could be a metaphorical statement, where the word 'age' refers to the 'period' of time.\nThus, we can say that the festival was organized a long, long ago, and the time period is referred to as the Coons' Age.",
            "100 years?",
            "300 years, because \"a coons age\" is a common phrase that suggests a large period of time.",
            "50 years?"
        ],
        "Category": "Interpretation"
    },
    "3602": {
        "Question": "Question: If the date is 10/27/1890 in the Gregorian, what is the date in the Islamic?",
        "Answer": "B",
        "Options": [
            "7/4/1309",
            "3/13/1308",
            "3/2/1308"
        ],
        "Outputs": [
            "4th Shaban 997 Hijri\nShaban is a lunar month in Islam's lunisolar calendar that begins approximately two weeks before the end of Dhu al-Hijjah.\n7 Shban = 22 August 874\n1 Shabān (1437 AH) = October 6, 58 BC - September 03,17 AD\nThe Islam luneric calendar is based on the",
            "جولائی\n(1) المستشارين يطلبون الأسبابيات ويجتاهلوا السيرانى أيضا\nالإعليما كلها - الشيخي الدكتور عمروالمعرمى\nQuestion: What does the following",
            "دنيائية هذا التأريخ المُستَشهدِيله العاشوراء أوّل من جانبه والذين الربناؤ في بلاد الاجمعييه، يبدأ حتى الذهب إلى ",
            "د هښاکونه‌ڕانياتی به محکتای\nدیۆکاژينیورا\nبارڤهاي ۴۷۵۶\nڡنامهیڧنو\nسۚۛ۞ۘۙ؟؛؄؆ې۔ۖ",
            "02-03-1156.\nThis question is about the Muslim calendar, where the year starts from the birth of prophet Muhammad. The Gregorians (modern) calendar is used as an example. It is important to note that the conversion is not exact due to the different time period between Islam and the modern era. Additionally, some sources may provide different conversions."
        ],
        "Category": "Shift - Calendar"
    },
    "3484": {
        "Question": "Question: If the date is 7/8/1968 in the Gregorian, what is the date in the Islamic?",
        "Answer": "C",
        "Options": [
            "2/6/1387",
            "7/16/1390",
            "4/11/1388"
        ],
        "Outputs": [
            "327 AH, 5/9/744 ACC, or 8 DH\nAccording to the Muslim calendar, the year 1 A.H. started when Muhammad migrated from Mecca to Medina. The Islam calendar is a lunar calendar with a leap month every two or three years based on a 6th century observation.\nThe Gregorians calendar was created by Dionysius Exiguus, a monk who was the",
            "1) Convert the Julian date to the corresponding Gregorious date:\n7 / 8 /1 9 6 ₈ = 07.12.69\n2) Add the difference between the first year of Islam and the second year in Julian.\n(Year of Hijrah – Year of Julian) = (0 / -1 /-) ₂₁ = - 3360\n3) Subtract the above result from the previous step from 5",
            "1- 30 Shaban 0157 = ۱۴۰٫۶۲۹ (Gregorion) = July 8 66 (1)\n2- According to the Julian calendar, the year 959 BC was a leap year. This means that the leaped day was the 5th of February and that February was longer than usual with twenty-nine days in it, not forty. ",
            "أول تاريخ (أخرى:أينيزلي) - بالعدد الإسلامي:\nالأسبوع: الحضرة\nمانع مستحق للساعة:  يوم هذا\nأصبحت:       سحر\nيسكت ويشوت",
            "1. Gregorians are used by 95% of the planet and are a standard worldwide, so it would be better if we used the same format as everyone else.\n2. The Islamics are an archaic form of time keeping and have since been replaced in favor of Gregarians and modern time. I would recommend against using them as they do not align with current times. However, if you must, you can use the table below to find the conversion. "
        ],
        "Category": "Shift - Calendar"
    },
    "3413": {
        "Question": "Question: If the date is 4/6/1934 in the Islamic, what is the date in the Julian?",
        "Answer": "C",
        "Options": [
            "6/13/2496",
            "3/25/2498",
            "3/14/2498"
        ],
        "Outputs": [
            "1. The Islam's calendar is a lunar calendar, based on the lunations. Therefore, you can use the following formula (taken from the link): Year = 71 + (360 × (month − 9))\nNow, to find the month, let'll find its date by using the given date, 04.06.1038, and the formula:\nmonth = (4) + ((6 − [5 ×",
            "1. Julian Date format is yyyymmdd where y is an integer representing the year (0-9), m is a two-digit month (1-12), and d is single digit day in that months starting from 0 to 9.\n2. Islam uses the Hijri calendar which is used by Muslims for the determination of religious events (such as Ramadan and Eid ul-Fitr) and as a reference in Arabic literature.",
            "1. Islam year is started from the year of Hijra, the immigration of Muhammad from Mecca to Medina. In the Gregorian calendar the Hijrah year started with the month of Moharram and the first month in Gregorians calendar.\n2. The Gregorial year starts from January. \n3. So the conversion formula for Hijrian year to Gregoriaan year would be Hijran year/Hijra month-1+1+(Gregorien",
            "1. Islam is not a religion but a way of life.\n2. The Julian Calendar was in use from around AD 280 to 582 AD. This was replaced by the Gregorian calendar from AD622 to AD1575 (when Pope Gregory XIII changed the calendar system.)\n3. Therefore, it is incorrect to suggest that a date from the period when the Muslim calendar was being used could be expressed with respect to the Jewish calendar, which",
            "2036-2301-375= 1226\nSo, the correct date according to the Gregorian calendar would be 02/06 / 97\nJulian date (JD)=(1 + 7 + (Year /100)) + leap year (if applicable) + day of the year -32,051 (31,535 +1)\n(4 + Year"
        ],
        "Category": "Shift - Calendar"
    },
    "3411": {
        "Question": "Question: If the date is 2/21/1984 in the Julian, what is the date in the Hebrew?",
        "Answer": "A",
        "Options": [
            "13/1/5744",
            "4/18/5746",
            "2/26/5745"
        ],
        "Outputs": [
            "הַמֶּ֤לֶךְ שֶׁמֶשׁ֙ וּבֹ֣לְט בָּלָ֔ץ. The King sun and the moon stood still.\nExplanation: The Heb. date would be \"Shmuel (or Solomon) built the temple, and in its completion, the Moon and Sun remained in place.\"",
            "בְּחֶשְׁבֶיהָ\nThe ח (ח) is in fact a Hebraic numeral (or digit) that stands for 8. Thus, the original text should actually read:\n\"וַאֲחָשֶׁבֵךְ אֶת הַיֻּמֵנָהּ.\"\nThis would then mean \"And you will make up the day of her\" (as",
            "בְּעֶשְׂרִין יֳבַּטָּאֵל תְשִׁׁיעִּים שְׁנָה\nAccording to this website, which gives a table of the Jewish calender, 5/7/4080 = 9/30/88 =28 October 8799, so the correct date would be 31",
            "יוֹלַדֶת לְחַיִל בַּשָּׁנָה תְּשָׂאִיתָ מֵאֲשׇּהּ (ב)\nThe Heb. is\n\"ישרהותיך\" - Your birthday is on the second of Adar, which is in 51 days from now.\n(The חלה",
            "אֶל־שְׁנַתְנוּ, לְחַגְתָּם\nThe ח is a cholam, which is used for the year.\n2014 is written הַחֲלֹוֳמָה, not \"חְלִוֹֽמַה\" which would make it 5003 or 3075. I'm not"
        ],
        "Category": "Shift - Calendar"
    },
    "3590": {
        "Question": "Question: If the date is 7/5/1994 in the Islamic, what is the date in the Gregorian?",
        "Answer": "C",
        "Options": [
            "12/19/2557",
            "5/20/2557",
            "9/11/2556"
        ],
        "Outputs": [
            "24th April 3307, the first day of the year in Islam, which is equivalent to 4/4.\nThe 8th month of Islam's year 610 is called Rajab. The Islamists are the ones who follow the Muslim faith in this context. Rajat' is another term for 'the time when something is happening and the time it is done, according to the calendar system used.",
            "49 days after Gregorious date\nExplanation: Islamics date format is YYYY-MM-DD. Gregoriant date has a different pattern. \nYYYY-YY is a year in which Gregorrion date starts from January.\nDDDDD-1 is day in a week.",
            "28/8 (27 September)\nThe first part of your text is a bit confusing, but the second part is correct.\n7+5+1+9+4=26. Now add 400 to get your desired result. 32=3.2 (3 years 6 month and 8 days after) .",
            "26/06. Gregorious calendar is just one of the 366 calendars which the earth follows. Islam uses the Julian calendar (28 days of february, 6 days more than the gregorious)\nQuestion: What does it mean that \"a\" is divisible by \"b\" if the quotient is \"c\"?\nQuestions: In what order would you multiply these numbers to get the sum of 42? (5,-1",
            "21st of Rajab, 8th month of the Muslim calendar\nRajab ← Jumāda l-Ūlyā → Shaʿbān\n(Arabic)\nThe Gregorious calendar:\nGregor.\nJulian → Gregorio → Georgian\n1826 Greg. Calendar → Julian Calendar\n7th of July, Greg.:\n29th June  → 4th July  (New Style) →"
        ],
        "Category": "Shift - Calendar"
    },
    "2922": {
        "Question": "Question: The next cosmic event, initially predicted for 1943, has been postponed by 462 years. When is it now expected?",
        "Answer": "B",
        "Options": [
            "2410",
            "2405",
            "2407"
        ],
        "Outputs": [
            "5517.\n$$\n\\begin{align}\nt &= 60 \\, (1+0.0096\\,{\\rm s}^{-1})^{-4} \\, {\\rm yr} \\\\\n&= 0 + \\left(4730\\,\\frac{s}{y} - 3648\\,\\right) \\,{\\text{yr}} \\\\[6pt]\n&\\phantom{=} = 850\\, {\\text{\"",
            "757 BC\nExplanation: Firstly, let's establish a time line:\n1861 -> 544 -> -476 -> AD 37 -> (1481) AD -> BC 839 -> (+1267) BC -> (-1566) ->\nNow, we have to find the next predicted cosmonomic event that occurs. Based on the time-line, the prediction for AD (2",
            "⭐️(B)$\\;$The next cosmically significant event predicted in 600BC is now predicted to occur in the year 544BC. This prediction was based upon a careful observation of the moon's orbit and its position in relation to the sun, which led to a ≈50-year delay in its occurrence. However, the prediction has since been adjusted further, now suggesting that this event will occur on ∼2311BC",
            "911AD\nExplanation:(Copied from the web)\n1737 BC - Creation of the Earth - 0\n0 - Flood of Noah - No mention\n3500 BC- Great Pyramid of Cheops is built - The Great Flooding\n2088 BC Crete is conquered - Babylon becomes the centre of civilisation\n80 AD - Christ is crucified - Roman Empire expands\n",
            "5383.77.\nThe next event is predicted to happen ≈457 years from now. Since the prediction was initially made in 0, we need to add 7160 days from 365 × 69 years (=5893 days) which is the time it would take for us to go through 9 full cycles of the seasons and then multiply the Δt by a factor of √(1 - (Δs"
        ],
        "Category": "Shift - LT"
    },
    "2972": {
        "Question": "Question: The ruins that were uncovered in 1921 are estimated to date back an additional 513 years. From which year do these ruins originate?",
        "Answer": "A",
        "Options": [
            "1408",
            "1412",
            "1409"
        ],
        "Outputs": [
            "468 BCE.\nExplanation: [Greece] [Roman ruin of a building]\n[476 B.C.] + [490 years] = [2006] + [-1] / -1 = 2956\nThe difference is the time from now to then. Subtract that from 3011 and we're at:\n2848 + (-)1/(-)",
            "303AD. Based on your information, the following is the correct chronology:\n1. 45 AD: Emperor Claudius invaded and conquered the British Isles.\n2. In 78 AD, Queen Boudica led a revolt against the Romans, who were in the process of conquering the region. Although Bouldica's rebellion initially succeeded, she was eventually defeated, and the Roman occupation continued. The Romano-B",
            "0.5*100 = 25 years per century. 4 centuries later, you have 90 more years of ruin, making them 345 yrs old. So the ruined temple is at least 693 yr old, and possibly 728 if they were still being used by the time they ruinned.\nSo, if the temple was already 805+ y/o in the year ≈152",
            "01 - The first two digits of the year are 8. 2. In the second step, the 7 is subtracted from the first, yielding a remainder of 9. The last digit is determined by the remainder. Therefore, 4918 is the correct date based on the information given.",
            "4. 0115 BC\nThis is the correct answer to the question."
        ],
        "Category": "Shift - LT"
    },
    "3196": {
        "Question": "Question: The ancient tree, cut down in 1930, was estimated to have sprouted 776 years before its removal. When did it most likely sprout?",
        "Answer": "C",
        "Options": [
            "1156",
            "1160",
            "1154"
        ],
        "Outputs": [
            "950\nThe ancient trunk was cut in the year 336.\nSince a new truck grows from a seed, the first thing we need to do is find the approximate year when the tree was planted. Let's do this in a few steps. The tree is cut 694 years after the planting date, so we will subtract 59 from this number and get the following:\n645 - 20 = 42",
            "2014.\nThe tree was 448 in the year it was cut, and 32 in when it sprouts, which is 6.5 generation (210 years). Then 51 generations (1350) from the time the tree is cut until the first generation. The average life cycle is about 90 generational years. So the 840 is the average of the two numbers:\n(24) +",
            "984.\nThe ancient spruce tree was cut in the year 386 B.C., and the tree itself is estimated by historians to be at least 508 years old at the time. Based on this information alone, what could be the approximate age for this ancient\nQuadrilateral ABCD has a quadrilteral EFGH with\nWhich of the following options is true regarding the expressionNotice&#8\nQuestion",
            "500 BC\n1036+780+475=1491 years ago the tree was cut.\nSo it must have been at least 431 (1,409 - 988) years since it first sprung up. The year 390 B.C. would be the cut-off point.",
            "001-2021 27:03:24 #141744906\n12345....\n789......."
        ],
        "Category": "Shift - LT"
    },
    "3199": {
        "Question": "Question: The ruins that were uncovered in 1987 are estimated to date back an additional 270 years. From which year do these ruins originate?",
        "Answer": "B",
        "Options": [
            "1719",
            "1717",
            "1721"
        ],
        "Outputs": [
            "776 BC is the first recorded year of the founding of Rome\nExplanation: Based on historical evidence, the ruin of a building unveiled in the 800’s is believed to be the oldest ruined building in Rome. This building dates back to the time of Romulus, who is considered to have established the original settlement of 929 BC. Therefore, we can assume that the building predates the establishment of Roma by approximately 60",
            "505 BC.\nThe first mention of a place called Babylon in the Bible (Gen 31:11) refers to the time when Jacob was running from Esau. Jacob had a dream about a 'place with rivers and streams' where the sun 'rises and sunsets' (30:39). This place is often identified as being Babulon. The first time Bab-ilu is mentioned in a secular context is in Assyrian",
            "516 BC.\nThis was the year the Trojan horse first went into Troy and started a war of a thousand years, and it is also the first known mention of Tory and Troyns, two terms that have endured to the present day and are used in English and Scottish politics respectively.",
            "01. 750 BCE\n02. The Roman Empire\nThe ruined city is the remains of Antioch. It was founded in the late 4th century B.C. by Seleucus I (343-281 Bce), who made it the capital of the Seleukid kingdom. Its first importance was that it stood on a crossroads between Syria, Palestine, and Mesopotamia. Antakya",
            "755 + 60 = 815. (8+5+9+1+4 +2) The 5th year after 902 is 0 + (9×6) =1446. So the ruin was 420+6 =866 years ago!\nExplanation:(9-7)/2 = -5/2 +1/6=10/3 =3.33) Years"
        ],
        "Category": "Shift - LT"
    },
    "2916": {
        "Question": "Question: The art movement, begun in 1973, is predicted to peak in popularity after 882 years. When will this peak happen?",
        "Answer": "A",
        "Options": [
            "2855",
            "2861",
            "2857"
        ],
        "Outputs": [
            "4181? (I think)\n$\\newcommand{\\int}{∫}\\newcommand{e^{\\int}}{e^{x}} \\newcommand \\RR {\\mathbb{R}}$\nConsider the function: $$\\frac{\\R^{\\infty}(x)}{e^\\R(x)} - \\int\\frac{x}{(e-\\R)(x)}\\;\\;\\;$$\nNow we can use this to write:\n$$x\\int \\frac{(e-R)}{(e^",
            "75% of the way through, or 343.5 years, would make 915.7 years for the full period.\n$$\n\\begin{align}\n1 + \\frac{0.35}{876.6} &= 0\\\\\n-0 + 65\\% &= -36\\%\\\\[6pt]\n0 &= (-37\\%)*-1 \\\\\n30\\%&=0-(-39.",
            "4769.\nRevised:\nThe movement began in year 95. In year, 0,\n\\begin{align*}\n1+\\frac{94}{100}+2\\cdot\\frac{(93\\div96)}{16}+3&\\cdot \\frac{\\frac12(92-\\frac 78)}{8}\\\\\n=1+0.99+2.01\\times\\left(\\frac7{",
            "300 years after the end of the movement. 909\nExplanation: I'm not sure if it's right but it seems plausible that the peak will occur around the time when the first generation who wasn't born in that movement has children or grand children who continue the artistic movement and the next generation after that has their own movement or something similar, so the second and third generation have to have their movements. I hope you can help me with",
            "3rd choice. I have a feeling 900 or 70 years will be the peak, and 40 will still exist."
        ],
        "Category": "Shift - LT"
    },
    "1674": {
        "Question": "Question: Your usual spa day on Thursday of every week has been postponed five days. When will it be next week?",
        "Answer": "A",
        "Options": [
            "Tuesday",
            "Saturday",
            "Friday"
        ],
        "Outputs": [
            "5th week of Thu, 28th Mar\nExplanation:(A). Based on this information, we can infer that the spas are open every Thurday.\nWe can also infer from the text that if the usual Thurday is postposed, it means that it is not available for the next 6 days, as the first day it would be available is on Tue. \n\n(B). Here, the 4th Thuesdaay",
            " Saturday.\nExplanation: Based on the given information, we predict that the next occurrence of the \"usual spy day\" will be on Saturday, which is the fifth day following TBD date. This prediction is logical because the occurrence is delayed by five day intervals, and since TBS date is not provided in the information given, it's reasonable to assume that it is still five more days before the day occurs. Therefore, the prediction of Saturday being the correct next \"sp",
            " (D) Thurday\nSince the usual day is Thrusday and it is already postpond by 5 days, the next occurrence after that will be on the same Thru'dsy.\nTherefore, it will occur on\nFriday.",
            "5 +1 = 6. So next will be Thurday, the next day in the sequence.",
            "1: It is given from the options that on TUESDAY the day is not mentioned. However, there is no information to support the notion that the usual day for this spaa day has not been continued. The information sources from options do not have any reference to a TURSDAY or any of the days mentioned in the 4 option.\n2: The day of spaaaa day in given as ThURSday, which is incorrect, and the information from given options does"
        ],
        "Category": "Shift - MT"
    },
    "2421": {
        "Question": "Question: The tech conference typically in the 4th week of November has been moved 3 weeks later. Roughly which date should you mark your calendar for?",
        "Answer": "A",
        "Options": [
            "December 13th",
            "December 6th",
            "December 27th"
        ],
        "Outputs": [
            " December\nBased on the information provided, we can make the correct prediction by adjusting the reasoning steps as follows:\n1. The text states that the techer conference was previously held in November, on a specific date.\n2. We know that in 996, the conference took place on December, but we do not have any information specifically mentioning November 5th as the day for the next conference in this year. Therefore, this step is not relevant in predicting",
            "04-11-2018\nNot sure how this answer is right. December is 70 days away from November, and the given options all have the month after 5 days or weeks after. The 8th of December would be the first possible date, not the \"third week\". The answer could be ´December 9th, ¨ if the options had December the third week in them, but the question is flawed either way.\nQu",
            "01: December, 7: Thursday\nThe first digit in '44' and the last digit '1' are not aligned.\nSo the year is '20XX'.\nNow 5 digits are to be filled. Since, the month is November,\nthe date is the third week, hence the day is Sunday. The date\n'November 8th, ' is given and now the time has to filled by 'pm'.",
            " December  19th.  4 weeks after the first week.\n$\\December$  $20.$\nThe first event was $November\\ 9$, so we have $14$ days difference between both of them.  Now if we subtract $4$, the difference will be $\\Dec 5$, then we need to subtract another $\\frac 7{9}$ because there is $\\Delta 8$ events between the two dates. Therefore $\\newcommand{\\frac}[",
            " December  4-6,  the   techy   conf is in town!\n(A)$$1^{^{1}}$$$$10^{4}$$$$$2^{5}$$ = 0.995369$$^6$$ =$315$$\\cdot$$5 = $ 8,445$\n$$3$$^{$$4$}$$$5^{2}$$= 70,500$$$\\cdot $$$"
        ],
        "Category": "Shift - MT"
    },
    "1920": {
        "Question": "Question: The marathon you've been preparing for in the 1st week of December will now be 4 weeks later. Around when should you be ready?",
        "Answer": "C",
        "Options": [
            "December 21st",
            "December 14th",
            "December 28th"
        ],
        "Outputs": [
            "3 weeks is an optimistic goal. You should aim for a 6 week preparation, which is still a short time.\nThe maraton is 7 hours, the average marahton runner takes ~1 hour 06 m. So you should prepare for at least 5-10 hours of training in 8 weeks. \n\nYou can do it in three weeks by running 90-minutes  everyday and increasing it with ± ½",
            "90% of the marathons are run in November.\nExplanation (Not sure about the maths in this, but the gist is correct)\nMost maratons take place on a weekend. The weekday before is used as a \"taper week,\" where runners decrease the mileage to ensure they are fully recovered for the race and also to reduce the risk of injury. Thus, if a runner were to have been training for a marathan in",
            "984462617\nStep:\n\\begin{itemize}\n<li class=\"tg-n7iy\">1: Marathon is planned to happen on 6 weeks after the start date (4-1).\n\n2: Now, to make sure you are prepared for the marathion, you should have at least one training session (1-3). The training should be at the most 5 weeks before the date of the actual maraton",
            "3 weeks before race, or, 7 days before\nExplanation: Marathons are about 6 hours long, on average.\nSince your marathona is 5:58 in December, let's say we want you to be in \"shape\"\nfor that distance. That'll take about a week and a half to do, so,\n7 day + (6/7) week = 8 days.",
            "3 weeks.\nYou have 90 days between the marathons. The first is on 01 December and the second is scheduled for around the middle of February. This would mean that you should be able to run a maraton by now."
        ],
        "Category": "Shift - MT"
    },
    "1731": {
        "Question": "Question: The workshop that was planned for Sunday got rescheduled five days later. What is the new date?",
        "Answer": "C",
        "Options": [
            "Tuesday",
            "Sunday",
            "Friday"
        ],
        "Outputs": [
            "1. Based on the information provided, we can make the following predictions:\nA. The original workshops were supposed to be held on Sunday.\nB. Due to unforeseen circumstances, the workouts were reschededuled for a later date. (The specific day was not mentioned.)\nC. However, based on logical reasoning, it is plausible that the resumption would not take place on Tueday, Friday, or Saturday. Since there is no explicit",
            "5 days is not an option. It's 6 days.\nTues: Workshop is planned to be rescehd\nSun: It is rescheduling, but no date is mentioned. The original date would have been Tue.",
            "5 days from the original date is Saturday.\nSo, the work shop will be on Sunday.",
            " Sunday, the 5th day later is:\n(A)[Sunday, 2017-04-30]\nThe workshops were reschedueld from Sunday to the following dates: TUESDAY - THROUGH SUNDAY.\nTherefore, Sunday is now the correct date.",
            " Sunday. Workshop was supposed to happen on Sunday, but for some reason got moved to the following TUESDAY."
        ],
        "Category": "Shift - MT"
    },
    "2460": {
        "Question": "Question: The tech conference typically in the 3rd week of January has been moved 1 week earlier. Roughly which date should you mark your calendar for?",
        "Answer": "B",
        "Options": [
            "January 1st",
            "January 8th",
            "January 22nd"
        ],
        "Outputs": [
            "9th January\n$\\begingroup$ Why 7th? $\\endgroup$\n– M.F\nNot sure, the information given is not enough. The 5th, 6th and the first weekend after the new year, are all possibilities, but without any specific indications the question cannot be answered.\nThe 4th would be the best answer if the conference was moved a full week. \nExplanation:\nIf the date of the",
            "9th of january?",
            "01-08-2024\nExplanation: It's a pattern of increasingly smaller steps.\n2: move one week forward = 7 days\nFrom there, it'll be a cycle until you reach the final date. \n\n1: First move the conference date by 6 days = (35-6) = (-31 days)\nNow the date is 9 days earlier\n3: Now move it back by another ",
            "01/08/2021\nExplanation: Based upon the information provided by the question, here are possible reasoning steps for making the correct prediction:\n1. The information states that the teched conference is typically held in a certain week in January (the third week).\n2. Additionally, the conference has recently been scheduled for a week that is 7 days earlier than its regular placement.\n3. Based on these two pieces of information, we can infer",
            "............... 9th Jan\nNot sure about the exact date, but it is not January first, nor January eight, and it's not twenty second. It is the third week, which is usually January nineteenth.\nThe reason is that the first week is between the twenty ninth and the thirty-first, the second week between thirty and thirty fifth, etc. So, this year the conference is likely to be on nineth. The reason for the change in dates"
        ],
        "Category": "Shift - MT"
    },
    "1310": {
        "Question": "Question: The match has its kick-off at 12:52 PM. Due to unforeseen reasons, if there's a delay of 21 minutes, when will it get underway?",
        "Answer": "B",
        "Options": [
            "1:22 PM",
            "1:13 PM",
            "1:37 PM"
        ],
        "Outputs": [
            "35 minutes is 50% of the original kick off time, so it will take 42/5=8 minutes to get the 8-minute delay up to 9 minutes (36 minutes delay), and the remaining 7 minutes can be adjusted to the match start time to account for the initial 0 minute time gap between the two.\nBased on the given information, the correct answer would be Option B:\n\"B\" is correct because ",
            "01-30 PM",
            "5 minutes before 3 pm.\nNot sure if this is the right answer, but 0143 is incorrect.",
            "3 minutes before it is supposed to start.\nExplanation: Delays are never planned, and they are uncommon. They can happen because of many reasons and often occur due to external circumstances. So when a match is scheduled to kick off at a specific time, a 50% chance exists that the match will start 0 minutes late and a chance of a delayed start of up to 4 minutes is also there.",
            "6:46PM.\nIt is 4 hours 58 minutes and 32 seconds after 8:00 am which means 084530\nSince the time is already at the end of the hour, the match will not start until 9:77:\nThe time of kickoff will be 76 minutes late from the previous time. Since there is no other time mentioned, this is the correct answer."
        ],
        "Category": "Shift - ST"
    },
    "915": {
        "Question": "Question: You have an exciting date at 05:50 AM. If you're lagging by 49 minutes, when will you probably meet your date?",
        "Answer": "A",
        "Options": [
            "6:39 AM",
            "6:35 AM",
            "6:50 AM"
        ],
        "Outputs": [
            "559-486 = 30, so the answer is B.\nI think the key is that \"you have lagged by \" and \"exciting dates at\" are both in the past tense while \"are\" in question is present tenses. Therefore \"lagging\" and being \"late\" do not apply anymore. \"Excited\" is also present, which suggests we can still have dates. So 99% sure the correct answer will",
            "5AM is 10:00 in a 24 hour clock, 90 minutes before 7AM.\nSo if you are 30 min late, you will be at least 80 (4*9) minutes late which is more than an hour after ½ hour. So, the answer is (D) after the ¾ hour which will make it be after around 𝑛🙋\nExplanation: It is a",
            "5.12 AM and 10.53 AM, respectively.\nThe reason I chose these is the following:\n5 minutes before 8:00 am, the time the date was set, is 7:xx am. The first choice, 3 minutes after, would be 9:XX am at the earliest. However, since 24 hours have elapsed since the given time, I can conclude that the first option is wrong based on the fact that",
            "2:11pm the following day, unless you have to take a flight to meet them.\nExplanation: The time you will likely meet is given by the time at which you would have been \"lagging\" by a certain time. In other words, 5 minutes after the specified time that you had initially planned to be there.",
            "1) First of all, the OP's question does not make sense as written. They say that at \"01:41\" the date is \"exciting,\" but the actual time the question mentions is 55 minutes later, at (in my opinion) around 3:14 (or maybe 2:21). So the excitability of the time has not decreased.\n2) The OP is referring to a situation in which the person is"
        ],
        "Category": "Shift - ST"
    },
    "957": {
        "Question": "Question: Your most-watched TV show is broadcasted at 01:04 AM. If its timing gets shifted by 6 hours 30 minutes next episode, when should you tune in?",
        "Answer": "A",
        "Options": [
            "7:34 AM",
            "1:34 AM",
            "1:49 AM"
        ],
        "Outputs": [
            "42 minutes earlier, at exactly 2320 UTC. This is 9:50 PM local time in the previous day.\nNote: the question is unrelated to the answer, the shift is not 8hr 59min.",
            "2:19\nExplanation:(D)\nBased on the information provided by the text, we predict that the show will start at a different time.\nTo determine the correct time, it is necessary to analyze the given information sources and establish a logical progression of reasoning:\n1. The initial observation is that your most watched TV program is shown at the time of 8:54 am. This is important because it establishes a baseline for the program's",
            "4th May 2021, 8:10 AM IST. The reason being the time shift of 9 hours in the next day.",
            "2:10 AM, which is the original time.",
            "2:19PM\nThe original episode is at $0:24$, and the next one is shift +3:60.\nSo the time when the show will run again is 5:51. Add 9 minutes to make it 8:\n8AM -9: $2$ hours after the last show."
        ],
        "Category": "Shift - ST"
    },
    "1047": {
        "Question": "Question: The store's shutting down time is 11:35 AM. If you're still 28 minutes away from reaching, can you make it before the shutters are down?",
        "Answer": "C",
        "Options": [
            "12:35 PM",
            "12:05 PM",
            "12:03 PM"
        ],
        "Outputs": [
            " (D)10:47 AM\nThe time when you are at the store is not mentioned in the text.\nSince your distance from the shop is given as 5.2 miles and the speed limit is stated as '65 miles/h', you can use the following formula:\nd/(t*60) = 75/(6.5)\nwhere d is the distance you need to cover and t is your speed. Now substitute the values: d",
            "✅B. Sure! Here'a a breakdown of the reasoning steps:\n1. The time the store closes is \"10:47 AM.\"\n2. You are 0 minutes (i.e. the same) away.\n3. Therefore, the answer is that you cannot make the 53-minute drive from where you are to the shop in the time left. \nExplanation: Based on the information provided, it is not possible",
            "3. 5 minutes. The  answer is correct.\nQuestion: A car travels a distance of 60 km at an average speed of\nB.$45$ km/hr. What is its\nC.$70$ mi/h\nD.$500 m/s\nE.$6$ ft/sec\nExplanation: $6 \\textrm{ mi}/h} =\\frac{6}{\\frac{\\textrm{[mi]} \\times \\frac{[",
            " (1) Yes, the store will be open at 9:57 AM (2) If the customer is in a car, they would have to be driving at the speed of (3) No, because the time of the first question is (4) The time that the shop will close is\nQuestion: Let'['store['s['close['at['time['[''?[']\n['']['''['?'['?(']][']]]['[[['",
            "𝑑= 0.5×(13.3) = 6.655 hours. \nThe time the store is closing at 🌍= UTC 5:40PM.\nSo, ⁶⁄₁₀×1³.₃⁵ hours = UTC=5ː⁴⁰PM - UTC₁₁ː₃₅AM =UTC ⁵ː⁰⁵.₅₀AM. The time of arrival is UTC⁵:50:⁵"
        ],
        "Category": "Shift - ST"
    },
    "1023": {
        "Question": "Question: The live concert commences at 02:09 AM. If the star performance begins 3 hours 30 minutes after the start, what's the performance start time?",
        "Answer": "C",
        "Options": [
            "2:24 AM",
            "3:09 AM",
            "5:39 AM"
        ],
        "Outputs": [
            "4:14 am. 90 min after start and 1 hour before end is the best fit for the given timeline.",
            "4:42AM, the concert started @ 12am, 90min later the main act was scheduled to start (3h38m)",
            "9:40AM\nThe performance will commence at (07:19AM) and the show will end at(01:59PM)",
            "1:17 AM, or 90 min past the show' start.\nThe show starts at:\n2234 (1135 hours)\nIt ends at,\n3107 (0037 hours),\nwhich is after a three hour and twenty minute performance by a \"star.\" Therefore, the answer is:",
            "8:49\nThe time in the question is 11:50 pm, the time when the concert is about to start. So the live performance will start after that, which in this case is at around 4:19 am."
        ],
        "Category": "Shift - ST"
    }
}