{
    "273": {
        "Question": "Premise: Every 25 minutes, he heard a notification sound from his work app.\nQuestion: What's the more plausible CAUSE?",
        "Answer": "A",
        "Options": [
            "He was using a Pomodoro timer to manage his work time efficiently.",
            "His phone battery was dying."
        ],
        "Outputs": [
            "😂𝗕𖿭𓃵𐐒 (ᵖᵉᵉⁿᵉʸᶜᴬῪⁿẍʰʷ) ᵉ𱵗᭣ᵉᖍᛚᕆᚘᵉʰᑕⁿ ᘛᵉ⁾ᐩ‶ᙊ\nNo, your phone'll last a",
            "👉 (a)  He uses a pomodro timer for managing his time, and it makes a sound to alert him of the time duration elapsed and that the timer will stop after 10 minutes. Therefore, each time he hears that sound, his task is interrupted. \n\n𝐴𑀻(b)𐑩‍𒁇  His battery is dying and the app is notified of this situation and",
            "1) (He was working) is not necessary, the text still holds true without it. \n2) A Pomodoros timer is a tool used by workers to measure time during their work and ensure they don't waste time or procrastinate by working in blocks for 30 minutes and then having a 5 minute break between each block of work. The timer goes off every 8 minutes or so, and it is likely the person using this timer also sets it for",
            "1. He is working from home, so he has an internet connection available. This makes the use of a pomodore timer more likely, as you do not have to be connected to the internet while using it. A pomodore timer allows you to create a time segment, where you can focus on a task. The timer is used to help you not spend more time on the task than is necessary. \n\n2. His battery is dying, making his phone less functional as time progress",
            " (C) A notification bell on his phone\nHe was on a call with someone and they were using the word pomodero. He had forgotten about the pomedoro app that he has been using."
        ],
        "Category": "Cause"
    },
    "155": {
        "Question": "Premise: The bear hibernates every winter.\nQuestion: What's the more plausible CAUSE?",
        "Answer": "A",
        "Options": [
            "Food is scarce and the temperatures are low during this season.",
            "It is following a trend set by other animals."
        ],
        "Outputs": [
            "1. Food scarcity,\n2. Low temperate (winter)\n3. Other animals do this\n4. It may be a survival mechanism\n5. The body' sleep cycles\n6. They are born in the winter so they hibernate.",
            "    (B). Bears are a species that hibernate in the winter months. There is no specific reason why they do this other than it is an inherited trait from their ancestors who may have had the same behavior for the sake of survival against harsh winters or lack of food supplies. It'll be hard to find any evidence that supports the idea that it'sn't just a matter of nature and adaptation.",
            "1- The bears do not follow any patterns other than the ones they make, they hibernate because their body demands a state of hiberation, the beers body tells them to, it' s the nature of the animal.",
            "1. There is a lack of food, as the hiberating bear is not actively looking for food. This causes it to not need to eat. 2. The temperature is low, which slows down the metabolism and makes it so the bear can go without food longer than if it were not hibergating.",
            "1. Food scarcity in the area. 2. Low temperaturtes."
        ],
        "Category": "Cause"
    },
    "84": {
        "Question": "Premise: The villagers started seeing rare birds in their locality.\nQuestion: What's the more plausible CAUSE?",
        "Answer": "A",
        "Options": [
            "A group of conservationists had reintroduced these species a few years back.",
            "A magical bird suddenly appeared and brought all the rare birds with it."
        ],
        "Outputs": [
            " B.  A local legend says that if you make a wish, you can summon the birds to your village. The birds have been seen for a couple years now, indicating they are real.",
            "1. A bird migration. Birds migrate to warmer climes. It happens in the spring. They don't all come back in a single batch, some arrive later. The first ones to arrive may appear rare, but the next ones will be common and the previous rarities are now uncommon. This will continue for some time. If you're patient, the common ones can be seen as the rarenesses disappear in time (in the migration pattern).\n2",
            "👍 A. Conservationists. I think the birds have always been there but the villager was not aware of it, until the conservationist group made the village aware and the bird population increased.",
            " B.  A bird of magic, or an actual bird who was magic.",
            "2\n\"Conservationist\" is an adjective, not a person."
        ],
        "Category": "Cause"
    },
    "82": {
        "Question": "Premise: After a year of diligently playing the lottery every week, John finally won a small prize.\nQuestion: What's the more plausible CAUSE?",
        "Answer": "A",
        "Options": [
            "John had memorized the most frequently drawn numbers and chose his lottery numbers based on statistical analysis.",
            "John bought a lottery ticket every day instead of weekly."
        ],
        "Outputs": [
            "1. John was born into a well-to-do family. They had been playing lotto on a weeky basis, but not very seriously. Their approach was more for fun than for any hope of winning. 2. When John reached a certain age, he started making his own decisions about life. His friends were also playing Lotto. One of his close friends, who was not as rich as John but had a better understanding of statistics and had won the prize before, gave",
            "👎(B).\nThe premise says that John \"finally\" won the small lotto prize after 52 weeks (a year). This suggests that previously, he had been unsuccessful in winning for a longer time. If the premises are correct, then the cause-effect relationship is still unclear. It is important to establish a clear cause and effect relationship, which can only be done by considering the information given in the text. Therefore, no plausable conclusion",
            "​(B). He bought it everyday, so his number of tickets would be high and the chances of him winning a prize would increase accordingly.",
            "      A\nJohn had a system for choosing his numbers that worked, but not in the way he expected. It is likely that a combination of John' s method of analysis, and his persistence in buying tickets, resulted in a win. This suggests that both factors, persistance and the use of a logical system, are necessary for success in winning the Lotto.",
            "1. John was very lucky and won the jackpot. 2. It'd be a good idea for him to stop playing, as his good luck could go away."
        ],
        "Category": "Cause"
    },
    "261": {
        "Question": "Premise: He felt sore on Sunday morning.\nQuestion: What's the more plausible CAUSE?",
        "Answer": "B",
        "Options": [
            "He read a book all day Friday.",
            "He ran a marathon on Saturday."
        ],
        "Outputs": [
            "​(A). 100%.\nThe book was the cause of his soreness. It could not have been the other way around, because it was on Friday and not Saturday where the book is mentioned.",
            "1. He stayed up late watching a movie (which may have made him tired and gave him a headache). 2. His girlfriend gave his pants a good tugging (causing him pain and a sour mood).\nI have a feeling the first is more true, and that it'd involve the movie, but the second is plausable, too. The 3rd is unrelated.",
            " (C)He was just born\n\nComment: The first two options seem incorrect. They imply that he had some kind of physiological effect on Friday and Saturday, which is unrelated to the soredness on Monday. The third option seems correct, although the specific details might make it more correct if they were mentioned.",
            "1. He had a very late night partying on Thursday. 2. Friday was a day of rest, so no work. So it'd likely be an option to read that day. Then, Saturday, he had to go to the hospital because of a broken leg. On the Sunday, after being released and being able to get up and move around he was still s-o-r-e.",
            "2. He has a 60% chance of doing both. So either way, he would be tired on a Sunday."
        ],
        "Category": "Cause"
    },
    "568": {
        "Question": "Premise: A physicist discovered a pocket of space where time moves at half the speed of the normal world.\nQuestion: What's the more plausible RESULT?",
        "Answer": "A",
        "Options": [
            "Research facilities rush to the area to study this phenomenon and its potential applications.",
            "People around the world started to age backward, becoming younger with each day."
        ],
        "Outputs": [
            "100% plausable is A. This is a classic paradox called the \"Grandfather Paradoxe\". I don't understand your second question, though.",
            "🙂 ( A ) The first option is more correct. People will not age backwards. They will become younger, and the younger they are, the further away they will be. The second option, where they suddenly age, is incorrect.",
            "1) It was discovered. 2) The facilities were established to continue the research. It would be the logical progression from step 3) the scientists would continue to do their research indefinitely. The question is not entirely clear. I would have to write the whole passage to be certain of what the question entails. However, the original answer is incorrect because the facilities would not have been established after step (2).",
            "1) It is a plausable result because it is the only possible result based on the premise stated. 2) The premises do not provide any information about how this would happen. It simply states that the scientist discovers a place in which time flows at a slower rate.",
            "👍 B"
        ],
        "Category": "Effect"
    },
    "450": {
        "Question": "Premise: He watered the plants regularly.\nQuestion: What's the more plausible RESULT?",
        "Answer": "B",
        "Options": [
            "The plants withered and died.",
            "The plants grew healthy and vibrant."
        ],
        "Outputs": [
            "✅B✅\nThe plants were water by the gardener. Watering plants can lead to growth, but it is important to note that different species of plants may have different requirements for optimum growth. It is crucial to understand the needs of each plant type when watering them, as over or under water can potentially harm them. In this case, the gardeners' actions of water plant resulted in healthier, vividly growing plants, suggesting they were successful.",
            "100% A! 0%, B.",
            "✅ B. The plant will grow healthier and more vividly. Based on the information provided by the text, the logical progression of reasoning is as follows:\n1. According to the given text: \"He water the plant regularly\" implies that the individual is taking care and providing adequate water supply to ensure the health and well-being of the garden plants. This statement is an indication of his or her responsibility and involvement in the upkeep of these plants,",
            " B\nHealthy plants will not have a wither and die. If the plant is being water regularly, then the chances are that the health of the soil will be maintained, which is a better outcome.",
            ".............? (C)\nThe plants wilt, then die. ✌️\n@AJFox, I don't think this is correct. If the watering was sufficient to cause the plant to wither, but not die, it will survive. The plant should recover with proper care."
        ],
        "Category": "Effect"
    },
    "379": {
        "Question": "Premise: During the ancient times, people relied on sundials to tell the time.\nQuestion: What's the more plausible RESULT?",
        "Answer": "A",
        "Options": [
            "Individuals had a broad estimation of the daytime hours based on the sun's position.",
            "People could accurately know the number of minutes in an hour."
        ],
        "Outputs": [
            "        B. People would have a good general idea of how close it is to an exact hour, but not a fine estimate of time within the hour (such as how near the top of an H, the bottom half of it, or the exact minute). I believe this is the correct answer, because it seems more reasonable and logically progresses the text.",
            " B)\nThe ancient people didn't know anything about minute, and they just estimated the duration of a day based the position of sun. It was like a very broad estimate of daylight hours.",
            "⌖ A, because it is the only reasonable option. The sun doesn't care what time it 'says on a clock', and therefore the fact that the times of day are based off of how it moves, the seasons, and how far south or north it travels doesn;t have any relation to the clock.",
            "    B\nThe correct option is B. The ancient people had accurate clocks and could tell time down to the nearest minute. This is supported by historical sources and archeological evidence. It is important to consider the fact that the accuracy was not limited to just one hour, but they could also accuratelly track time in a given time duration, whether it be a day, a month, or a year. Therefore, the correct conclusion is that individuals could know with accuracy the amount of time",
            "⭐️\nBased on what'cha got."
        ],
        "Category": "Effect"
    },
    "377": {
        "Question": "Premise: In recent years, the coral reef has been experiencing severe bleaching events.\nQuestion: What's the more plausible RESULT?",
        "Answer": "A",
        "Options": [
            "The diversity of marine life in the region has decreased.",
            "The marine life in the region has flourished."
        ],
        "Outputs": [
            "...............B.............\nExplanation: When the marine environment bleached, many species of reefer died, but this created an environment that was more suitable for other species, such as those which thrive in a warmer climate. As those species adapted and thrived, a new and more diverse population of life developed in that region. So the second option is correct.",
            "1. Coral bleaches when the surrounding ocean waters rise to a temperature that is too high. 2. The corals can die.",
            "✅ (C) Coral bleaches due to climate change and the resulting decrease of corals means marine biodiversity also decreases. Marine bacteria and microbes thrive in coralline waters. The lack of food for the benthic marine fauna and flora also causes the decrease in marine organisms. Hence, marine diversities are decreasing in regions with dying coralds.",
            "💡 Option B is more correct. Here'se a breakdown of the reasoning steps:\n1. The corals are bleach white: Bleaching of corales indicates a stressful condition. It means that the environment is less favorable for coralline algae, which are essential for the health and growth of reeefs. When coralle bleaches, it suggests that there could be other factors causing damage to the reee. ​​\n2.",
            "          (C) Marine life may have shifted their locations and are now present in areas where bleached corals still exist."
        ],
        "Category": "Effect"
    },
    "556": {
        "Question": "Premise: She decided to live without checking the time for a whole day.\nQuestion: What's the more plausible RESULT?",
        "Answer": "B",
        "Options": [
            "She bought a new watch.",
            "She experienced a day where she was more present and less guided by the rigid structure of time."
        ],
        "Outputs": [
            " B. She was a little bit happier for the day and had a more relaxed attitude to time\nJayceeJeffersonJuanJuiceJoshuaJohnJonJordonJoJoJordyJPJoelJoeyJosiah\nJoyJozefJuliaJulianJosephJulietteJulieJulesJulyanJulienJupiter",
            "1. The premise is incorrect. Living without clocks is not the same as not checking a clock. I think this is what the OP means, but I'm not sure. If not, then it'll be difficult to evaluate the prediction accurately. 2. Option A: \"She bought another watch.\" Option B: None of the choices seem to be plausable.",
            "100% option B. The idea of the \"clockless day\" is to be more mindful and in the present moment. This involves actively avoiding the use of clocks and schedules, as well as noticing one'...\n1. Which of these statements is true of \"Pride and Prejudice\"?\nA. It is a novel about a man.B. Jane Austen is the sole author.C.It is not about the Bennet family",
            "1: I don't think the watch is necessary. It is more of a convenience. If she had no timepiece, and had to keep track of the day, she would have more control over her time, because there wouldn't be any distractions. Her time would only be governed by what her mind perceives as the passage of days, weeks, months, etc. She could have just a watch, a calendar, or none at all. However, I",
            "✅ (C): She got arrested for not wearing a watch at a time when that was a legal requirement\nCongrats! It'd be funnier if it were (E): Her watch got stuck on 12:30 and she had to be late for all of her important meetings."
        ],
        "Category": "Effect"
    }
}