{
    "273": {
        "Question": "Premise: Every 25 minutes, he heard a notification sound from his work app.\nQuestion: What's the more plausible CAUSE?",
        "Answer": "A",
        "Options": [
            "He was using a Pomodoro timer to manage his work time efficiently.",
            "His phone battery was dying."
        ],
        "Outputs": [
            " B. This is more likely because the Pomodor timer is a well-known productivity technique where users set a timer for 30 minutes and take a 7-minute break after every 4 cycles. It'd be strange to hear such a sound on a regular basis when there're no such notifications or alarms in a user' work application.",
            " A. Pomodoros were a way of organizing work into 60% work and 30 minutes off time. They were also a tool to ensure you were not distracted by your phone.",
            " A",
            "\nA. He uses a pomodaro timer and has a custom sound notification for each pomo.  Each pomodoros takes 32 minutes and is 40 minutes apart.",
            " B. I was not sure what the original text was referring to, so I had to re-frame the reasoning to ensure it was logical: \"Every 30 minutes or so, the sound of a buzzing phone would interrupt Chris' work. Chris was working on a task using his computer, and the app on his phone was making a noise. Based on this observation, it is likely that the cause of these interruptions is that Chris had his device on silent, but the"
        ],
        "Category": "Cause"
    },
    "155": {
        "Question": "Premise: The bear hibernates every winter.\nQuestion: What's the more plausible CAUSE?",
        "Answer": "A",
        "Options": [
            "Food is scarce and the temperatures are low during this season.",
            "It is following a trend set by other animals."
        ],
        "Outputs": [
            "\nB. Based on the information provided by the question, we can make a correct prediction by establishing a logical progression of reasoning. The text mentions two patterns: the first pattern is that the bear hibernate, and secondly it is mentioned that other wildlife hibernate at this time of year. We can now write the text:\nThe text states that 'The bear [hibernated] every [winter](http://www.encyclopedia.com/science/encyk",
            " A. Hibernation allows for a bear to conserve energy and survive the harsh winter season, and also provides time for the bear'\ns young ones to develop. The food sources available during winter, the decrease in temperature, etc. all contribute to hiberna",
            "\nBased on the information from the provided text, a more accurate prediction can be made about the cause of bear hibernate. Let' s analyze the reasoning steps and adjust any flaws:\n1. The text mentions that bears hibernate during winter months. This pattern suggests that it is common or usual for beats to enter hiberation during these months, indicating a cause. 2. Additionally, the text suggests a potential connection between bear-hibernating and food scarcity in winter",
            "\nBased on the available information, it is plau\nsble to suggest a correct prediction about the bear'\nhibernation. The information provided is: \"The bear\nhibernate during winter\" (P1).\nThere is no mention or evidence of any other relevant factors in\nthe text, so we can infer that the cause of hiber\nnation in bears is a result of environmental con\nditions, specifically the availability of food and\ntemperatures.",
            " A. I don't think the other option is correct at all. The second part of that option, \"following a pattern set other mammals\" does not really contribute to or strengthen the reasoning."
        ],
        "Category": "Cause"
    },
    "84": {
        "Question": "Premise: The villagers started seeing rare birds in their locality.\nQuestion: What's the more plausible CAUSE?",
        "Answer": "A",
        "Options": [
            "A group of conservationists had reintroduced these species a few years back.",
            "A magical bird suddenly appeared and brought all the rare birds with it."
        ],
        "Outputs": [
            " B.  Rare birds appear and disappear over time, it'd be unsurprising to see them again after time passed.",
            "\nB. Based on the given information, the most plausbile explanation for the situation where the villager started to see rare and endangered birds appear locally is:\n1. The first reason provided is that a group or conservationist relocated and re-established the species in this particular region. It is important to note that this explanation suggests a logical progression of events. First, conservation efforts were made by relocating the endanged species to a different location. This",
            " B. This is an example of a magically induced cause. The original cause, releasing birds, is still there, but the cause has been changed, so that birds have been magicked in by a specific bird.",
            "\nB. A fairytale, sure! But, still plausable...\n",
            " A is correct because there've been cases of people releasing birds back into the environment in order to replenish the bird population and increase their presence."
        ],
        "Category": "Cause"
    },
    "82": {
        "Question": "Premise: After a year of diligently playing the lottery every week, John finally won a small prize.\nQuestion: What's the more plausible CAUSE?",
        "Answer": "A",
        "Options": [
            "John had memorized the most frequently drawn numbers and chose his lottery numbers based on statistical analysis.",
            "John bought a lottery ticket every day instead of weekly."
        ],
        "Outputs": [
            " B. John chose to play the same lotto ticket daily because it was more likely for him to win the smaller price rather than the larger price if he played the tickets week after week. \n",
            "\nB. John is playing with his head. He is not doing anything smart, just buying lotto tickets. It is like gambling, and gaming has no logic. The odds are against you. You just have to pray to win.",
            " B.  The odds of winning a large prize are significantly higher if you buy tickets on a regular basis. However, this does not necessarily guarantee that you will win. It increases the chances of hitting a winning ticket by buying more tickers.",
            "\nB",
            " B. John was able to win a prize by buying a more frequent amount of tickets. Although he still played everyday, the fact that he purchased the ticked multiple times throughout the year was more significant."
        ],
        "Category": "Cause"
    },
    "261": {
        "Question": "Premise: He felt sore on Sunday morning.\nQuestion: What's the more plausible CAUSE?",
        "Answer": "B",
        "Options": [
            "He read a book all day Friday.",
            "He ran a marathon on Saturday."
        ],
        "Outputs": [
            " B. \nRunning a Marathon.",
            " B.  The premise that he read books all-day Friday, is unrelated to his being soro on sunday. The two days are not connected.   The second premises, that a run a Marathon, Saturday, causes soreness on the next day is not logically connected to saturday or to suday. So, we don't have any logical cause from the given text.",
            " B.  I don't really see how the premise supports a cause of \"feeling sour\" on a Sunday. Sure, reading a whole book on Friday might lead to being tired and slogging along on the next day, but this seems like a very weak connection.",
            " B. Marathon is an endurance race, typically \nrun over a distance of 42 km (26 mi). It is one of\nthe world'['s oldest extreme sports.'][''][['[[\"[']']]']]}\n['['',[''']]]['''','.']'.[''.''.'.''],['':[''],['',''],\n    ['','','']],(['']),[''].['':''],(['':']",
            " B, he ran\nExplan/--->\nHe read the book on Friday, and on saturday, He had the intention of running a mArathon, so on sundAy morning, the soreness can be caused by the marAthOn he run."
        ],
        "Category": "Cause"
    },
    "568": {
        "Question": "Premise: A physicist discovered a pocket of space where time moves at half the speed of the normal world.\nQuestion: What's the more plausible RESULT?",
        "Answer": "A",
        "Options": [
            "Research facilities rush to the area to study this phenomenon and its potential applications.",
            "People around the world started to age backward, becoming younger with each day."
        ],
        "Outputs": [
            "        B. Based on the given information, it is incorrect to predict that \"People around...",
            "\nB  \n\"People around world\" is a bit vague, could it be \"Peoples' aging back\"?\n   - People from all around (world) start agining backwards, getting younger and younger day by day, and eventually reach their original state (birth).\n ",
            " B. People in the pocket age backwards. In the original text, it is mentioned that time is moving at a slower pace. Therefore, people who enter that pocket will age more slowly than the rest of us. However, since they would be in a separate pocket from the general population, they will not be able to observe the aging effect themselves. They will only be affected by it when they exit the \"pocket of time\", resulting in them seeming younger to us while they are still",
            " (a) the physiologist'd discover the new pocket, (b) other scientists would rampage in the field to find out the truth, and (c) we can expect the media, politicians, businessmen, lawyers, doctors, etc. to rash into action. I can't write the text without the information about the \"pocket of time\" that is supposed to move slower than our time here.",
            "\nB. People age backwards. The reasoning is as follows:\n1. We can infer that the physician discovered space with time moving half as fast from the statement that time in that space moves slower. This implies that in the space described by the experiment, time is moving at a different rate. However, we do not have the information to determine the actual rate at which time progressed in this space. 2. From this statement, it is reasonable to infer how time would progress in"
        ],
        "Category": "Effect"
    },
    "450": {
        "Question": "Premise: He watered the plants regularly.\nQuestion: What's the more plausible RESULT?",
        "Answer": "B",
        "Options": [
            "The plants withered and died.",
            "The plants grew healthy and vibrant."
        ],
        "Outputs": [
            "\nB. The reason is that in order for a plant to thrive, it needs water. However, if the water is not provided, the plant will die. In a case like this, where a person has consistently water the same group of plants, we can predict that the health of the individual plants would improve, and potentially thriving. This aligns with the fact that plants can die if they don't receive enough water, but can also survive with consistent watering",
            " B. The explanation is as follows:\nWatering plants is an important part of their care, and it can impact their growth. When a person watering the plant does not provide them with adequate water, the result would be a withering of the leaves and possibly even the death of a plant in extreme cases. However, if the person provides the necessary water to maintain a healthier environment for the growth of plants, they would thrive and produce healthful leaves.",
            " B. Watering your plant regularly is the best practice to ensure its well being.",
            "\nB\nThe plant grew\n\"Because they were watering them regularly, the vegetation in this area was able to thrive.\"\nAccording to this reasoning, a regular water supply will make the plant(s) thriving.",
            "\nB"
        ],
        "Category": "Effect"
    },
    "379": {
        "Question": "Premise: During the ancient times, people relied on sundials to tell the time.\nQuestion: What's the more plausible RESULT?",
        "Answer": "A",
        "Options": [
            "Individuals had a broad estimation of the daytime hours based on the sun's position.",
            "People could accurately know the number of minutes in an hour."
        ],
        "Outputs": [
            "\nBoth of these options are correct. In the  ancient time, the only accurate way to know time was by relying on a su\nndail and observing the position of sun during the whole day. However, since a person could not accuratel\ny determine the exact time based solely on this method alone, they would need to rely on their estim\nated time and use it in their daily activities. Additionally, it was not\npossible for individuals to measure minutes accurat",
            "\nB. In ancient time, the sui\ndial were an object for people to rely on to know how long it is to sunrise or sunset. However, a su\nidial could only determine the approximate time of day, it could not provide accuracy of a minute or even a half an\nhour.",
            " A. Based on their knowledge of how the shadow from a sundeal moved during the different seasons, ancient man could make a reasonably accurate estimate of time based upon the position of shadow cast by the object they were using as a time indicator. They also had some information about the length of a day, but they could not accuratly measure the hour as we do now.",
            "\nA\nNo sui dies were used to time events, just the position of a sun was used. ",
            "\nA. The ancient people used a sundealer to determine when it was time for their next meal.  They did not know how the sunder used it'ssundial."
        ],
        "Category": "Effect"
    },
    "377": {
        "Question": "Premise: In recent years, the coral reef has been experiencing severe bleaching events.\nQuestion: What's the more plausible RESULT?",
        "Answer": "A",
        "Options": [
            "The diversity of marine life in the region has decreased.",
            "The marine life in the region has flourished."
        ],
        "Outputs": [
            "\nB.  According to an article by The New York Times in June 2016, \"bleaching\" events have increased in recent decades due in part to rising ocean temperatures. Coral bleachings can result in increased mortality among corals, which could in turn decrease the overall diversification of the marine organisms in a given region. The article suggests that increased bleeching events may negatively impact the species diversities in affected reagions, as they",
            " (C) Both A and B are correct but the answer is  B. Coral bleeching events result in an increase in algae and a change of color. This leads to increased algal biomass (during bleach) which is followed by a recovery of the alga as it is consumed by the organisms (post-bleach).  The organism' biota and population is reduced during the event but rebound after the bleached area recovers",
            "\nB. In 2019, a record-setting coronal bleachment occurred on the Great Barrier Reef. This event killed an estimated 30 percent of corals and affected over 1,340 km², the second-largest recession of the ree in history. The  event resulted in a  loss of fish habitat as the bleached corral receded, leading to a decrease in fish population. ",
            " A. Bleaching event will decrease the biodiversity of the reeft. Dying corals and reduced fish species.",
            " B. Marine life has increased due an increase in available food sources. Bleaching occurs when corals lose their symbiotic zooxanthellae which are photosynthetic algae that provide the food source the reeftop corel needs. However, when algal populations are dense due overfishing or pollution, alga may overpopulate. This overgrowth of algals may also cause a decrease in nutrient levels. The combination of these events can lead"
        ],
        "Category": "Effect"
    },
    "556": {
        "Question": "Premise: She decided to live without checking the time for a whole day.\nQuestion: What's the more plausible RESULT?",
        "Answer": "B",
        "Options": [
            "She bought a new watch.",
            "She experienced a day where she was more present and less guided by the rigid structure of time."
        ],
        "Outputs": [
            " B. The first one is wrong because the reasoning step is contradicting. She decides not to check the clock, therefore she would be able to determine the correct time at the end of the day, but the second part mentions that she will continue to not check a clock. It'll be hard to do something that you have already decided not do.",
            " B  \nShe experienced the feeling of being present in a more fluid manner, without being guilted by a clock. ",
            " B, She was not able to go out to meet friends and family. She had no idea what time it was, and had she checked the clock she would have wasted time trying to find a place that was open. The time would be wasting the day away.",
            " (b)\nShe experienced being more in the present moment and not so focused on time and schedules.",
            " B. Sure she may need a watch but this is more about living without the need to be aware of the passage of a specific time or a particular timeframe. In this case, the result will be that she can be more mindful of her actions and not be guiled by a rigorous timekeeping schedule."
        ],
        "Category": "Effect"
    }
}