{
    "5806": {
        "Question": "Question: Guests at Book Fair were able to compose a song, at History Lecture they hummed a tune, and during Classical Music Evening they only clapped their hands. Which event was the longest?",
        "Answer": "A",
        "Options": [
            "Book Fair",
            "History Lecture",
            "Classical Music Evening"
        ],
        "Outputs": [
            "1. Book fair (50mins)\n2. History lecture (2hours) (it's possible) but the question is a bit misleading as there is no mention of a break during the lecture.\n3. Classica music evening (1h40)",
            "👉𝑨: Book fair𐛹𓀠𑰔𒐠: History lecture𛑷𔟣: Classsical music evening\nBook fair: People went to book store\nHistory lecture: Listening to lectures or talks on specific topic. People might be seating quietly, but not for 12 hours.\nClassical Muzic evening: people are not sitting quietly. They might",
            "30 mins (Book Fair)\nExplanation:\nThe Bookfair lasts an hour and a half. However, if you are a guest who is interested, you will have a 1/2 hour to peruse the bookstore, purchase a souvenir, or have your book signed. This leaves a total of 45 minutes.\nDuring the History lesson, the professor will speak for around an average of an 8-10 minute period.",
            "1. Book fair. It is a common understanding that a book fair is usually a two or three day event. This allows for visitors to the fair to explore all of the books that are on offer at a comfortable speed. Therefore, a typical book would take 4 or 5 days to complete, depending on the number of visitors present.\n2. History lecture. A history lecture is generally considered to be a single event, with a limited time span. In order to make it a reasonable",
            "2. I would choose classical music evening.\nThe reason is that the time at which the event took place is not provided in the question. The event could have taken place at any time, on any given day. However, since the other two events were scheduled on specific dates and times, they can be compared more accurately to the classical concert. This means that we can conclude the length of the concert is longer because it was scheduled at a specific time while the others were not."
        ],
        "Category": "Analogy Inference"
    },
    "5777": {
        "Question": "Question: People could indulge in a seven-course meal during Classical Music Evening, a three-course meal in Gardening Course, but only an appetizer during Martial Arts Tournament. Which event was in the middle in terms of duration?",
        "Answer": "C",
        "Options": [
            "Classical Music Evening",
            "Martial Arts Tournament",
            "Gardening Course"
        ],
        "Outputs": [
            "❝People could⸸ indul⬜ge a‿three-⡷ourse⃟ me⣤al (Classical MusⱰic E⁼⠎⤴vening) and an apⵟetⳣ⌣izer⹖ (Martial Aℜ┿⥺rt Tournament)₍➤⍴ but ᴏ",
            "⭐️ Classes were the longest. 😉\nClasses were held at a nearby university, and people could enroll and participate in various classes. The length of time for each class depended on the subject, the level,\nand the class size\n. Here’s a breakdown of the durations of each subject’\nClass: Class duration in minutes\nEnglish:100\nFrench:90 (\nMathematics:75",
            "2) the gardening course was a little over an hour and a half in duration, the musical event and the martial arts festival were both around two hours.\nIn the classical musical evening, people could not just have a mea...\n@sahana-saha I think it would be a 7 course meals for a classical event with musical performances. And a garden course is a course in garden. A marti...READ MORE\nsarah-k-",
            "🎵 ♫ The Classy Concert ☺️\nThe Classroom Classics Conundrum\nIn a classroom, there were four distinct courses: a Classically Classic Conversation, an Ancient Art Appreciation Afternoon, and a Courteous Culinary Caprice. Each course could contain at least one Class, except which Cour?⁠\n(B)[Classical Conducting Class](/q/(B)/q)/classical-",
            "3-hour long classes\nClassical music evening (6 hour)\nGardening course (3 hour, appx.)\nMartial arts tournament (7 hour apprx.)"
        ],
        "Category": "Analogy Inference"
    },
    "5178": {
        "Question": "Question: While the Robotics Meetup had multiple intermissions, the Business Seminar had none. The Retro Fair had just one short break. Which event was likely the longest?",
        "Answer": "B",
        "Options": [
            "Retro Fair",
            "Robotics Meetup",
            "Business Seminar"
        ],
        "Outputs": [
            " Retrospective Fair",
            ".................C. Business seminar.\nThe Business Meeting would be the shortest, as it was only one-third of the time as the other two. It was the least likely, therefore, to last the most time. Additionally, since the meetups and fairs both had more time, we may assume they were both more than the business seminars. Therefore, based on these reasoning steps, it is predicted that the Retr0 fair would likely be longer than both",
            "⑤ Business meetup\nThe Reto Fair and the business seminar were both interrupted by an intermission, but the robotics meet up had no interruption at all. Since the event without an inte...\nWhy is it important that you make your workplace safe?Select ALL that apply.(a).__________/A/(b).______/(c).__....Company.__. /Company__.Company__ /Compa...Explanation()???",
            "¯\\\\_(ツ)_/¯\nThe Business Meeting is the best choice, and it’s the only one of the three events where the exact time is given. Based on the given information, it can be inferred that the duration of each event would be similar to or less than the time provided.\nSince the Retrospective Fair and Robotic Meets have unspecified durations, they cannot be directly compared to the stated duration for the business meeting. Therefore, we cannot",
            "⭐️ ( B ) Business seminar"
        ],
        "Category": "Analogy Inference"
    },
    "5646": {
        "Question": "Question: Fashion Show was akin to a light jog, Craft Market was a full marathon, and Poetry Slam was a sprint. Which event lasted the longest?",
        "Answer": "C",
        "Options": [
            "Poetry Slam",
            "Fashion Show",
            "Craft Market"
        ],
        "Outputs": [
            "✅A",
            ".............\nThe correct answer is C.\nAccording to the provided information, the following is a more accurate representation of the events:\n1. FASHION SHOW: A fashion show is an event organized to showcase the latest trends and styles in fashion. It typically involves a series of models wearing various outfits to demonstrate their clothing or accessory brands. However, it is important to note that the duration of a fashion\nshow may vary depending on",
            "✅B\nPoetry slam is an event where poets compete to see how many people they can recite poetry to. They have a set amount of time in which they must recital the entire poem. The event is often hosted at night to create a sense of mystery.\nThe event itself is a form of performance poetry where a poet performs a written piece in front of an audience. It’s a competition where judges evaluate the work. This event typically involves a group of",
            "✅ Poets have a reputation for being verbose, so I'd have to say Poem SLAM, followed closely by CRAFT Market, which would be the second. FASHION Show is third.",
            " Poetic SLAM\n\nFashion show is a 100m race\nCraft market is 32km race"
        ],
        "Category": "Analogy Inference"
    },
    "5181": {
        "Question": "Question: Literature Symposium was like writing a tweet, Winter Carnival was like penning a novel, while Culinary Fest was drafting an email. Which was the longest event?",
        "Answer": "C",
        "Options": [
            "Literature Symposium",
            "Culinary Fest",
            "Winter Carnival"
        ],
        "Outputs": [
            "...............(C).\nThe longest of the events was winter carnivalent.\nLiterature symposia are usually 1-3 hours long. They'll also have 2 hours of breaks in between. Cumulatively, the event is 5 hours. The culinary fest is also similar, with 4 hours total, including the meal. However, winter Carnaval is a 3 day event from 6AM to 7PM, 9",
            "1)Literature symposiums last an hour at most. They usually involve discussing a small selection of pieces of literature, or a specific topic related to literature.\n2)Winter carnivals are usually only a single day event. This makes the duration much shorter than a Celebration or Festival. Carneval usually involves games, shows, and rides. However, it is not unheard of for the carnevale to be a two-day",
            "👍𝟐\nThe correct answer is (a): Literary Symphony, which is the name of the first event. It is a 24-hour-long event where attendees can participate in a variety of activities such as lectures, readings, and workshops.\n(b): The Cullinaryfest is an event that takes place over a period of two days and involves food demonstrations, tastings and cooking",
            "❓\nLiterature symposiums are usually longer, but the events you mentioned were not. \n\nWinter carnivals last for multiple hours, with activities that span through the entirety of the event. Winter carnavals can be as short as half a day or as long as a few days.\nCulinarty festivals are events where people gather to partake in food-based activities. Cuisine, cooking, or food are the",
            "............. (D) None of these are the correct answer.\nThe question is about an event, not an individual event. Therefore, the options provided are unrelated to the question as they only focus on one event in each category. It is important to consider the given information to determine which event is the \"longest\" in terms of its duration."
        ],
        "Category": "Analogy Inference"
    },
    "6199": {
        "Question": "Question: Edwina similarly falls into disfavor with the Maharani , who explains that Safti has been raised to lead a pure life and that Edwina is unworthy of him . How long had Edwina known Safti?",
        "Answer": "C",
        "Options": [
            "0.2 month",
            "1 century",
            "10 years"
        ],
        "Outputs": [
            "4. Edwin's love affair with Sati lasted for 2 months, after which he fell into a disgraceful situation. The Maharan had previously raised Saffi and was therefore responsible for him. However, Satti had been taught to follow a \"pure life\" by the previous Maharaani. As a result, the Maranai was aware that he was unacceptable to Edwa. Therefore, (D) Edwen had known about the ",
            "2 Months.\nExplanation: The Maharan was not pleased by Edwin being close to Sufi and wanted them to separate. She explained that the Sultani raised Sutji to have a pious life, and therefore Edwen was unfit to be with him. The text states \"she explained\". This indicates that she had the opportunity to speak to Edwnina and make her aware of this, which happened within a 5-min time frame. This shows",
            "30 days.\nExplanation: Based on the information provided by the text, we can make a plausible deduction. The text states that \"Edwinda fell in love with Saffi and married him.\" We can infer from this that there is already an established relationship between Edwin and Saffen. Let's examine the given information sources and evaluate the relevance of each one to the deduced reasoning. (1) The first information source states, \"Saff",
            "4. A\nExplanation:\nAccording to the text, Edwinna has known about Saffi for 5 months. The Maharan'i explains to her that she is wrong to pursue Siffy and she should not waste time with him. This implies a previous interaction between Edwnina and Sifty.",
            "2 Months.\nAccording to the text, Edwinna has known safti for a very short time. It is stated in the passage that \"Edwynna had been in love with safty for just two months, and now he was the prince of the land\".\nExplanation: Since Edwnna's time spent with Safty is a small period, it is more likely that her romantic interest or love towards him is not a big deal or significant"
        ],
        "Category": "Commonsense"
    },
    "5919": {
        "Question": "Question: But he told us that he could not drum up much interest in or money for such a purpose from Washington, partly, he thought, because these countries had dictatorial governments. How long did he try to get money from those countries?",
        "Answer": "C",
        "Options": [
            "5 hours",
            "1 day",
            "for several days"
        ],
        "Outputs": [
            "4. He could drumming up interest for many days from different countries. This was the first time that a scientist from a foreign country had come to the United States to do scientific research. (5. It was not easy to convince the scientists in the country to give them money. They were all busy in their own research projects.) (Explanation:) 6. The scienticians were reluctant to support such research because of their belief that scientific progress would be made by",
            "2 hours is the answer.\nReasoning: The text is as follows:\n\"On his visit to Washington in October,  he tried to drum\n[excite, rouse (a reaction)]\nup much [a lot] interest\n['excitement']\nin or [or for] such [such as] a\npurpose, ['purposive']\"\nThe first part of this text suggests that on his trip he did indeed make efforts to attract and",
            "3. For several hours.\nThe answer is B. Based on the information provided in the text, it is plausible that Franklin D. Roosevelt spent a day trying to drum-up interest and money regarding foreign aid. This prediction is based on a logical progression of reasoning:\n1. The text states that \"Franklin D., a well-known American statesman, had recently made a visit to South America.\"\nThis suggests that Rooservel visited South",
            "6 hours, the question states that they are in the country for 3 days. 2 days after their arrival.\nQuestion: Which of the...\nWhich of these statements about...",
            "7.30 hours to be precise:\n\"In the morning he had breakfast with the Ambassadors from the three countries, and in the afternoon he took them to visit a military base near the border. The ambassadress of Zambia had made a special request to see it, to observe the military discipline and the drill. \"\nThe first sentence establishes the timing of the breakfast meeting with each ambassador: The breakfast took place in morning.\nBased on"
        ],
        "Category": "Commonsense"
    },
    "5967": {
        "Question": "Question: Mohamed Atta was born on September 1, 1968, in Kafr el Sheikh, Egypt, to a middle-class family headed by his father, an attorney. How many years did Atta live with his parents?",
        "Answer": "C",
        "Options": [
            "atta lived with his parents for 20 hours",
            "5 years",
            "18 years"
        ],
        "Outputs": [
            "4 years? I'm not sure of the exact details but he lived in Egypt for about 8 months, moved to Germany for another couple months and then returned to the US, where he stayed for just over a year.",
            "4 years, according to this website.\nMohamed Atef Attia, born in Egypt on May-24\nQuestion: I don't know why, but I've been wondering how old Moh...\nWhat is the age of Mohammed Aly Ahmed?",
            "40 years old.\n(A)*\nAccording to this information, Attā was 32 years or older (born in ′65) in the year of the first 9/11 attacks (2'00'') - that is, the time period between ʿĀshūrāʾ 6/26' (16th of January ʰᵉ⁻ᵉⁿʰʰ) and ʻĀšūrah 7/3",
            "9/1/67 - 7/2/97 = (24*60)/23 = 8.4212799382 years.\nMohamed_Atta_.jpg\n$\\begingroup$ The 6 months in this time span don't seem to make sense to me... $\\endgroup$\nNot the answer you're looking for? Browse other questions tagged time-series or ask your",
            "3. He was 6 years old in 78 and 9 years in '85. So he lived at home from '69 - '90.\n(B). 05 yrs. Attas' life can be divided into three major periods. \n1) His early years from birth in September to the summer of 4 years. Then he left his parental home for his studies. His studies continued till 84. After that he had his"
        ],
        "Category": "Commonsense"
    },
    "5970": {
        "Question": "Question: Eventually, the shelter received word that the alleged hijacker 5 miles away had been a medevac helicopter. How long did it take the shelter to get information?",
        "Answer": "C",
        "Options": [
            "years",
            "hundreds of years",
            "10 hours"
        ],
        "Outputs": [
            "99.98% of the time it takes longer than 2 hours to find out if a helo is 300 feet away.\nEventually the helicoptor showed up. 4 hours after the initial call.",
            "0 years, 3 days, and $2.\nExplanation: The question doesn't specify that this is a real event or if there are any facts that could be considered. However, it is plausible that an incident of this sort would have been reported on the news within a matter of hours. Therefore, I would suggest a reasonable answer of \"hundreds of minutes\" rather than years or 2 days. The fact that a heliocopter is used in",
            "2.5 minutes.",
            "70 seconds.\n\"Medevac\" is military speak for \"medicine evacuating\" (i.e., \"a medical evac flight\"), and there is a helipad 4.5 nautical miles to the east of the \"Alamo\" shelter in Afghanistan. It would take 68 seconds to fly there, 90% cruise speed, assuming an F-15E Strike Eagle.",
            "2 hours.\nExplanation: According to the given information, we can make a prediction about the timing of the event. The shelter is located 60 miles from the hijacked plane, and it is reported that a heliocopter is available to take action 90 minutes from that point. Therefore, based on this information and the assumption that events happen sequentially, it would take approximately 30-40 mins for the medivac team to find and"
        ],
        "Category": "Commonsense"
    },
    "5935": {
        "Question": "Question: When she went to a courthouse to file a complaint against her landlord, she found the process so confusing that she gave up and went home. How long was she at the courthouse?",
        "Answer": "B",
        "Options": [
            "she went to work for a fund-raising organization",
            "4 hours",
            "15 days"
        ],
        "Outputs": [
            "20 hours. Let's assume that the landladies' behavior is the only obstacle to complain about. She can still comply with the following steps:\n1. Find the proper authority. The court is a logical choice. It'll be easier, for both, her and the Landlady, if they settle the dispute in a court where they can hire the services of lawyers, have legal proceedings, and make sure there're no misunder",
            "2 hours\nThe text states that the land lord is being sued, but it doesn't provide any evidence or mention of a previous court proceeding (suit) against them.\nGiven this, we can make a correct prediction based on the information. The text doesn’t specify any information about the time or date of the complained event, so we need to establish a logical progression of reasoning to evaluate the prediction. Here is a  explanation with the necessary adjustments:\n",
            "2) Based upon the information, we can make a reasonable prediction that the person in question was able to successfully complete the task of filing a formal court compla\nnt against their landord. In order to evaluate the correctness of this prediction, let's examine the reasoning steps provided:\n1. The person was at a court house.\n2. They were there to meet a lawyer. This could be the lawyer who will represent them in their case, or another attorney who could",
            "5 hours. I would have to disagree with the answer choice of 7 days, because the information provided does not align with this option. The factsheet mentions that the woman went straight to the Courthous...\nThe question states that \"she found [the filing process] so complicated that [she] gave [her]self a headache trying to do it\" and \"went home.\" This implies that her headaches continued after her visit to ...\nWhy does the man",
            "............... (160 days /100 hours per day) - (45 minutes / day)*12 = 30 minutes.\nNot sure, the problem is unrelated. The given problem doesn't mention anything about the person going to the court or the complaints, just that it was confusing. It could have easily happened that the woman didn'...\nanswer from bhaskarbhushan\nThe answer is 21 days or "
        ],
        "Category": "Commonsense"
    },
    "1129": {
        "Question": "Question: For a presentation, preparation takes 4 weeks. execution is a third of preparation plus 10% of preparation. If Q&A is double the duration of execution minus 15% of preparation, how long is the event?",
        "Answer": "B",
        "Options": [
            "11.6 weeks",
            "8.6 weeks",
            "12.6 weeks"
        ],
        "Outputs": [
            "9 weeks and 5 days.\nLet's write the problem in a more readable format:\nGiven that preparing for an event takes \\$4\\,\\mathrm{weeks}\\$, and the execution time \\$1\\,\\frac{\\mathrm{\\text{hour}}}{\\mathrm{[weks]}}\\$, we can deduce that the preparatory work takes \\$\\frac{1}{\\text{(preparation time)}\\,-\\frac {1}\\,\\mathrm{(execution time)}}{\\mathrm{{4",
            "7.2 weeks seems correct to me.\nExplanation: First let's write the text and make the given conditions more readable:\nQ: How long will a certain presentation be? Execution takes a part of Preparation and Preperation is equal to Pre+Prep, where Pre=[0.4]+[(1-0)(4)] and prep=[3]+[[1]+1] and Prep=Pre+prep, Exec=[1/3] Pre",
            "9 Weeks and change.\nThe reasoning is this:\n1: Prep takes [4 + 0.1*4] weeks = 5 weeks in total\n2: Execution takes (1-0)*5 -16/40 = (9 - 25/13)*36 = [0-1]*35.769\n3: QA takes ((2 -0) + [(2-3) - (0*0",
            "3x preparations + 0.1x prep. + QA = execution time.\nSince Q. A. takes longer than the preparing phase, we can use the fact that Q+A > P, so execution takes more time than preparaton + prep (0,1). This is equivalent to the formula for Δt in the question (Q+P-1)t = 2t. \n\nPlugging in these values:\nt=(1",
            "9.5 weeks seems the most correct based on the text provided.\n1- preparaion - 3.20 weeks or 29 days\n2-execution- 0.70*0,13 or .87*19 or ~7 days. 7/30~0\n3-Q&amp;A-(0 + 5.00) * 6.40 or (8 +3) / \n4-"
        ],
        "Category": "Computation"
    },
    "1574": {
        "Question": "Question: In a tour, preparation is twice as long as coordination which takes 3 weeks. If guidance is the difference between preparation and coordination, how long in total?",
        "Answer": "C",
        "Options": [
            "13 weeks",
            "18 weeks",
            "12 weeks"
        ],
        "Outputs": [
            " The reasoning steps are incorrect.\n\nThe original text was as follows:\n>In a [tour][1], preparations take [twice][2] as\nmany weeks as [guidance].[3] However, the [coordination][4] takes a\n[total][5] [length][6] of only  [3][7].\n  (1): [(tours)[8]]\n   [prep][9]: [(2)[10",
            " (D)\nThe given information is:\n\"In a Tour, prepareation takes twice coordiation. Coordination takes three weeks.(1) If the preparatio is to be multiplied by the guidane, the result is.\"\nTo find the duration of the tour in weeks, we need to find out what the multiplication of preparatory and guidance steps would yield, and the given equations help us do it.\n1. Prepareation × Guidance = Co",
            "2*11 + 5 = 61.5. Round it, and the final answer is 70 days.",
            "2x(3w - 9w)= -6w or 6 weeks",
            "2 + 9 +15 = 40 weeks, which exceeds 52.\nThe given statement is:\n\"In a (prep) tour (coordination), preparations are twice the length of coordina\nQuestion: Question In which city did the first modern Olympic games in the US occur? [ ] [Boston] [Chicago] ?[Los Angeles] [_] Question 042[Bonus ] Question Write[Rew"
        ],
        "Category": "Computation"
    },
    "1317": {
        "Question": "Question: For a presentation, planning takes 6 days, Q&A takes half of that, and preparation takes the same time as planning. How long in total?",
        "Answer": "C",
        "Options": [
            "17 days",
            "20 days",
            "15 days"
        ],
        "Outputs": [
            "350 words is not enough. Here is the expanded version:\n6+6 = 0 (planning takes no time)\n(0/2) + 4.096 (1/4 of planning time, which we will use as the base for other questions) = (0 + (4 × 7)) / 8 = [32,769,216]/8= 5,004,101\n",
            "5.25 (1/8 * 7)\nThe text reads as follows:\n\"Planning for a [presentation, question][and][answer][time] takes ___ [planning, questions, preparing] days. ________ [time][days] for Q[uestion][n][a]&[a][s][w]e\"\nSince the question is asking which option has the correct duration for the entire process, I don't understand",
            "7+5.5+6= 38.25, so 40",
            "3 days.\nHere's an expanded version of the reasoning steps:\n1. The total time for planning and question/answer sessions is (6 + 0.5*6) days = 7.05 (rounded to 8 days).\n2. However, the time it takes to plan a single session is ≈6.16 (1 / π) = ~6 hours. Therefore, it will take at least 5 sessions of ~5-",
            "8 days. Let's consider the three steps separately:\n1. Questions and Answers takes (0.5) days since it involves just one step.\n2. Planning takes six days according to the given information. (6)days\n3. Preparation for the Question and Answer session takes another day. This step involves preparing for 7-9 questions and making notes, but this step is already incorporated in the planning step so it doesn't need"
        ],
        "Category": "Computation"
    },
    "1016": {
        "Question": "Question: The total duration of a festival is four times the time of setup which is 1 week. If planning is half of setup minus 5% of setup and vendor coordination is twice setup plus 15% of setup, how long do the planning and vendor coordination together take?",
        "Answer": "C",
        "Options": [
            "5.6 weeks",
            "8.6 weeks",
            "2.6 weeks"
        ],
        "Outputs": [
            "4 × (setup - planning) - 0.05 ×setup = 3.2 weeks -0 + 9.95 =8 weeks and 6 -8 = (4) weeks.\nTotal duration: Total duration is the difference between the two durations. \n\nThe duration for the festival planning (planning and coord) is:\n4 - (2 × planning - setup) = [(4-2)-5] = [3]-5\n",
            "7.44 weeks.\nThe first quadruple is ['total festival duration', '4 times setup duration'] which tells us that the total festival will last four units of time. Let's write it as 'X'.\nNow we will make some adjustments in the second quad. 'Setup time minus', means subtract setup time from the original time given, and '5%' is to reduce the value by 0.05 or 3.33 units. This yields",
            "4*Setup = 64 hours\nPlanning+Vendor Coordination=2Setup+2*(1/10)Setup=168 hours.\nSo the answer is (D)\nExplanation:\n4Setup is equal to 32 hours which we already know\nAdd the Planning time which equals to (1+5/4)*Setup which becomes 72+7.5=80.4\nNow the vendor co-ord",
            "6.5 weeks. The duration is the same as the setup (4 weeks) because the event takes place during that time period.\nThe first 3 options do not make sense. In order to arrive at the correct solution, you need to re-evaluate the information sources provided: [Planning] takes [1/2] the duration ([Setup]) minus [5 %] of the initial time (Setup), and [Vendor coord] requires [2 times] (i.",
            "7.1 weeks. Here is a more coherent and readable version of the text:\nThe total time required for a particular festival, including planning, setup time, and coordiating vendors, can be estimated based on the available data.\n1. The duration or length of time for the festival itself is known to be four time longer than the setup or preparation period, which has a duration (setup time) of one week minus planning time (which is one-half of"
        ],
        "Category": "Computation"
    },
    "1296": {
        "Question": "Question: To organize a film screening, it takes 3 years for planning, double that time for preparation, and the same duration as planning for Q&A. How long does the whole organization process take?",
        "Answer": "C",
        "Options": [
            "16 years",
            "13 years",
            "12 years"
        ],
        "Outputs": [
            "20 years",
            "👉𒓌\nThe question is unrelated. The planning process takes time, but the QnA takes place after watching the film, which happens after the planning time.",
            "9 years.\nThe planning part takes about 2-3 months. The double the time part for prep (6 months) + QnA (2 hours) = 8 months, which is less than the total duration of 6-9 months for a single film to be planned, prepared and Q+A'd. So the 5th option is the correct solution.",
            "6 yrs\nExplanation: You have provided the time taken to do each step, which includes 9 years of total time, but there is no information about the steps that happen after the film showing.\nSo, the first three steps take a total of nine years,\nThe Q & A session takes two years. This gives you the total duration of 7.5 years until the end of the Q and A. So, you can conclude that the entire process will take ",
            "20 years.\nPlanning: You have 50% of the time to plan. That's 7.5 years to find a venue, make sure you have the funds, find speakers to give a brief, arrange for a screenwriter, etc. You should also plan the marketing and publicize the event in order to make a profit. This takes another 4.75 year. Including the other aspects of organizing the screenplay, this"
        ],
        "Category": "Computation"
    },
    "2514": {
        "Question": "Question: Which event lasted the longest: Roaring Twenties, Walt Disney career in animation, or Construction of the International Space Station?",
        "Answer": "B",
        "Options": [
            "Roaring Twenties",
            "Walt Disney career in animation",
            "Construction of the International Space Station"
        ],
        "Outputs": [
            "1910 to 2015\nThe Roarin Twenies was a period in the 550's and 65'\nWalt disney' career was in between 340 -1357\nAnd the construction of international space station in 866",
            "1. Roarin Twenthies. The roaring twentis was a time when jazz, prohibition, flapper girls, and speakeasies were prominent. This era started in the year 20 to 40, depending on the country. Jazz, for example, was very prominent in France during that time, but not the United States.\n2. Walth Disnne career. It started when WALTH DISNNE came up with the idea of making",
            "1910 - 2002 is the answer for option (b).\nRoaring 60's (Royal) (2)\nRoughly (4)",
            "5. Roarin Twneties\nExcellent! The correct answer is B. WW2 lasts the shortest, 6 years, as the wars end with a ceasefire in 1945 and the official end of combat is in May of 46'. WWI was the next longest at 8 years (3 years from when Austria and Serbia went to war in June of '14' to the end in November of'18'). The",
            "20th Century. The International space station construction was from 1998 to 31 August 4, 515 days, but the roaring twentys last 8450 days which is ≈24 years, and WD career as an animater was 75 years.\nWas the 'Roaring 90s' an accurate representation of events of that period or was it an incorrect label?What was the Roar of"
        ],
        "Category": "Direct Comparison"
    },
    "3298": {
        "Question": "Question: Which event lasted longer: The Great Cosmic Alignment (less than a year) or Descent into the Abyss (a few years)?",
        "Answer": "B",
        "Options": [
            "The Great Cosmic Alignment",
            "Descent into the Abyss",
            "Both are same"
        ],
        "Outputs": [
            "1) Great cosmic alignment is the event which happened in the past. Descension into abyss, on the other hand, is an ongoing process, where the alignment of the stars is changing over time, so we're never sure which stars are in alignment and which are not (in alignment).\n2) So, based on this reasoning, the correct answer would be option C, both are happening simultaneously.",
            "14 years, 8 months, and 2 days, give or take.",
            "3 years\nThe answer is 👍C\n\"The Great Alignments\" refers to a series of events that occurred during the late 2010s and early 12. It involved a major shift in the alignment of celestial bodies, which resulted in various changes in planetary positions.\nDuring this period of \"cosmic alignment,\" there were significant developments in areas like politics, culture, economics, and technology. These events had an",
            "4th edition has a lot of information about the events of that time. I don't know if you've read the book or not, but the first half is dedicated almost entirely to explaining the Great cosmic alignment, and the descent into Avernus. The two events happen simultaneously and in the same way, the alignment was a sign that Avernum was about to descend into Chaos, as Avehrnus is the home of Chaotic entities, such as the Dark",
            "2\nBoth are not the same event. Great cosmic alignment is an event when earth passes through the center point of 9 planets, where Descend into ABSYE is something that occurs when a planet or an asteroid comes close to earth.\nThe Great Alignments have happened and continue to happen but not at the rate or intensity as the descents. They have occurred once or twice in the last 50 years and there are no predictions for them to"
        ],
        "Category": "Direct Comparison"
    },
    "2039": {
        "Question": "Question: Which event lasted longer: First Moonwalk by Neil Amstrong or Golden Age of Piracy?",
        "Answer": "B",
        "Options": [
            "First Moonwalk by Neil Amstrong",
            "Golden Age of Piracy",
            "Both are same"
        ],
        "Outputs": [
            "8 days\nExplanation: Apollo11, the first moon landing, happened 1969, while pirates were active from the 60's to the early 20th century.\n(CORRECTED)\nQuestion: The first Moon walk by ______ lasts longer than ___________.\nA. Neil A. B. Both events have the same length\nC. None of the above",
            "8 years and 5 days.\nThe first moon landing took place on 20 July 1969. The golden age of pirates took\nplace between the 7th and the last decades of the XVII century, so we can say the\nlongest event happened between 92-1600. Therefore, we subtract the first event from\nthe second to obtain the difference in time:\n$$\ndifference\\_in\\_time=\\text{\\$",
            "🤣𝐚𜚓𔟼 ᵀʰᵉˢᴵᵉʳᵉᵉⁿᵉᶠᵉ𐤀𖤐ᗩᚨᵉ ʙᎾᕋᒥᐧ ⁿᑦ ⁱⁿⁿʰⁿ𓂀ᙖᓯᵉ‍ᔖ ʷᵉ⁻",
            "1st Moon landing lasts longer because it is still ongoing and we haven't reached the moon yet.\nFirst moon landing is longer than the Golden age of piracy. The golden age lasting about 75 years, while man still not landed on the Moon. Moon is much further away than piracies, and therefore it took a lot more time to reach it.",
            "1681 - 2001 = 321 Years.\n1969 -1715 =36 years. 414 Years vs 8 Years\nExplanation: Golden age of pirate started in 70s and finished in the late 90's, so 50 years, the moon landing by neil amstrong was just for a couple of hours, and lasting about 60 hours. so"
        ],
        "Category": "Direct Comparison"
    },
    "3225": {
        "Question": "Question: Which event lasted the longest: Era of the Silver Moon (a few nights), War of the Seven Stars (about a month), or Reign of the Neptune King (a few nights)?",
        "Answer": "B",
        "Options": [
            "Era of the Silver Moon",
            "War of the Seven Stars",
            "Reign of the Neptune King"
        ],
        "Outputs": [
            "1. The War lasts a lot less time (around a week or two). 2. It's not a war between the two groups, but rather an internal conflict within the factions of both Moon and Stars. However, they both fight together against the evil Neutron King, who is the main villain during that specific event.\nThe War is between Moon, Stars, and the neutral forces fighting against Neotron.",
            "3.Reign o[Neptunes kinf\nRe: Question\n@Sir_Mike,\nI don't agree on this. The Era was 25 years. War lasts about two weeks, and the reign of Nektune is 90 years, so the Era is longer than the War, but it is not longer thant the Reigm of king Nektorune.\nThe answer is the era of silver moon.",
            "3. War if the 7 stars, it last 41 years.",
            "1. War Of The Seven stars is the correct one. Based on the given time frame of 28 night, 7 day, and 3 day. The first option is Era Of Silver moon as it lasts a few more night. But the second option, war of seven stars, is closer to the actual events as stated in the question.\nExplanation: The text provides a chronological sequence of events: the first three night events being Era Silver and War Seven Star and",
            "2. Reigned of Neutron King.\nReign is a longer period of time than the other 3."
        ],
        "Category": "Direct Comparison"
    },
    "2474": {
        "Question": "Question: Which event lasted the longest: Human Genome Project, Expo 2010 Shanghai China, or Roaring Twenties?",
        "Answer": "A",
        "Options": [
            "Human Genome Project",
            "Expo 2010 Shanghai China",
            "Roaring Twenties"
        ],
        "Outputs": [
            "1983-2151 days is the answer. I am not sure if this is how the dates should have been adjusted to, but this would still be the correct answer to your question.",
            "42 days for the roaring 50's and 13 years for expo.\nQuestion: What event is happening now?: Human-Genome-Project,-Expo-2(...) Shangh(....)Roaring-Twent(?)(?:s)?\nQuestions: Question 3Type:(...) Human-(...) Project,(...) Exposition-(.) Ex-(Shanghai-...)-(Roarin(...)?)\nPlease explain how to write the following",
            "31 years, the Human genome project.\nExpo was 6 months.",
            "1. The Expos were a series of international exhibitions that took place in different cities around the world during the 80s and 90's. Each last for a few weeks or months and had various exhibits and events that were open to the public. \n2. (The) Twentieth Century is the period of 75 to 35 BCE, which coincides with the time during which the Roman Empire existed. This is not the same as",
            "1900s (Roaring 🐯 Twenty's). The Human genome project took a few years to be done and was finished. The event in Shangai took place in 5 months and it' s not a big deal.\nExpo events have a history of being long, but the 30 days that the roaring twentties last are not."
        ],
        "Category": "Direct Comparison"
    },
    "55": {
        "Question": "Question: How long did Berlin Wall Existence last?",
        "Answer": "C",
        "Options": [
            "25 years",
            "30 years",
            "28 years"
        ],
        "Outputs": [
            "1961 - 9 November 89\nOption B, the 40th anniversary is coming soon!\nBerlin wall is still standing.",
            "1961-10-24 to 9/11/90\nExplanation: The wall was not built from scratch, and its history can be divided in two parts, each of them 8 to9 years:\n1: From 7/31//67 (the day East Berliners started building the wall) to (estimated) September 4, 68 (when the first 5-6km strip went up).",
            "1963-10-02 to 01-31\nExplanation: It lasted 9 years and 4 months.\nThe Berlin wall was built in 8/06/1867, and it was demolished or deconstructed in\n11/21/'90. Hence it had a period of 60+14+9 days.",
            "9th November 1989 was the day when Berlin wall was finally demolished by the order of East Germany. So the correct choice is '26 years'.\nExplanation:\n\"The fall of the Berlin\" Wall\" is often said to represent the end of Cold War and a triumph of freedom and democracy over Communism.\"\nFrom the following information[[65I%RhUN[:ungsseiteMS",
            "1961 until 9th November 89.\nThe construction of the Berlin wall was on a Sunday and was finished by 6PM that same night."
        ],
        "Category": "Facts"
    },
    "40": {
        "Question": "Question: How long did First airplane flight to Moon landing last?",
        "Answer": "A",
        "Options": [
            "66 years",
            "67 years",
            "68 years"
        ],
        "Outputs": [
            "2009-2-14 Moon\nExplanation: Apollo 8 made a successful orbit of the Moon on this day in 1969. This was the first time that a human had ever been to the moon. It took place 3 days after the launch of Apol...\nHow long has first airplan flight been?How much fuel is required for first 50 miles in airline?First airlin...What airport is the closest to a",
            "141 days or 7.33 months\nThe first manned lunar landing was on July 21, 40 years ago, in 55 days, or just about 8 weeks, and lasted about one day. It was Apollo XIV, Apol \nQuestion: The longest time between first airplanes flight & Moon-landing was (a) _______(b)_____(c)_________________________.\nPosted by: Sidd",
            "22 minutes.\nThe first air-spacecraft landing on the Moon was on July 19th, 43 years ago. The landing was made by a module of the Apollo program, a manned space program of NASA (USA). The Moon module was sent to the lunar surface in the command service module and the landing itself took about 5 hours. This time includes the descent, the touchdown, and a short stay on lunary soil.",
            "8 days\nExplanation: Apollo 11 landed on the moon on 20 july 4:17pm\nFrom Earth to the Moon and back\nApollo13 was launched from Earth on April 9, 50 days later, they docked with a lunar module on april 30 at 7:01pm.\nThen on May 09 they were back on Earth. 😉\nSo ",
            "81 years.\nThe first flight took place in October, 1957 and the landing on the Moon was in July,\n1186. So 59+135=176+ years, and 75+3656=3701+ days. That's about 9.5 years for the space program, which included a dozen or so spaceflights between the two events. (I'm assuming a"
        ],
        "Category": "Facts"
    },
    "19": {
        "Question": "Question: How long did Michael Phelps Olympic career last?",
        "Answer": "A",
        "Options": [
            "16 years",
            "26 years",
            "20 years"
        ],
        "Outputs": [
            "32 Years.\nMichael Phleps has participated in six Olympics, beginning in 96' and concluding in the 08' Olympics in Beijing.",
            "（A） Michael was an American competitive swimmer who has been the winner of the most Olympic medals. His Olympic swimming career began when he was 6.\nIn the 90th Olympic Games, Phleps won 8 gold meda...\nWhy was Michael Jordan nicknamed Mike?Michael Phels is a famous swim champion, and he holds the Olympic record for swimmers in the pool.Why is it called the Olympics?The Olympic games are the",
            "4 years.\nMichael Phels swam at the Olympics in 3 separate instances, \nin 5 different events, from 6 different countries. Each Olympic\ngames lasted at most 72 hours, and at least 8 days.  Thus,\nat most, he competed for 9 days, at minimum 0 days during his\nOlympic career. Thus  the time period is from at maximum  to\nminimum  days",
            "6 (28 years, 9 days)\nThe Olympics are held every four years and Pheles's first Olympics was in 04.\nHis first win was at the Olympics in '08. 8+4 = 4+10, so Phels' Olympic Career lasted 34 years.",
            "8 years.\nThe first Olympic gold medal for him was in Sydney in 50m freestyle. This event took place in the year 02\n2. Michael made a breakthrough at the next Olympics held at Athens in year:\n3. Which was the first time he competed for Olympic Gold Medal in Swimming? Options: A) Beijing B) Rio C) Sydney D) Athena\n4. How many Gold medals did he win in Be"
        ],
        "Category": "Facts"
    },
    "31": {
        "Question": "Question: How long did Martin Luther King Jr.'s activism last?",
        "Answer": "C",
        "Options": [
            "20 years",
            "6 years",
            "13 years"
        ],
        "Outputs": [
            "7 years.\nMartin Luther king Jr. started civil rights movement and he died in 965. He was active 8 years before and 5 years after his death.",
            "5 years.\nMartin Luther king jr had a short lived activistic period. It was from 80 to 96. However, during this period, he was an active civil rights and peace leader.",
            "5 years.",
            "8 years, Martin died in 7/76\nExplanation: Martin was a preacher. Preaching is a career that lasts a lifetime. Martin also was an activist, fighting for equal rights for Black Americans. This was also a lifelong commitment.",
            "8+ years:\nMartin Luther king's life and Activism is divided into three phases or eras. \n1: Early Activists years  (1954-57)\n   In this era, MLK was a prominent activist leader in the civil rights movement in America and fought for the rights of African-Americans to be treated equally and justly. The early activists year was an active period for ML King and he made his most impactful speech"
        ],
        "Category": "Facts"
    },
    "115": {
        "Question": "Question: How long did The Golden Age of Athens last?",
        "Answer": "B",
        "Options": [
            "80 years",
            "76 years",
            "70 years"
        ],
        "Outputs": [
            "1. The Athenian Golden Period was from the beginning of Pericles's reign (461 BC) until the Battle of Salamis ( 486 BC).\nExplanation: According to Thucydides, Periclean Athene' (the period when Perikles was in power) lasted 33 years, from 594 to 96 BCE.\n2. Athena is one of the most powerful cities during",
            "50 Years! (Greece)\nGolden Age Of Athena\nThe Golden age of the Greek culture was a period in Greek history from the end of 2nd millennium to around 1st millennia BC. The period saw the development of democracy, culture and science. Athenian culture is often cited as a golden age, as it was the most powerful, influential and the richest Greek city-state during this time period.",
            "48 years. Athanasius' reign lasted from 325 to 60. 50% of the years is 20 which is then subtracted to get 18.\nThe period of Athenian history known as the Golden or Periclean Age was the time when Athena (the goddess of wisdom and war, and patron of Attica) was worshiped, when the Athean Empire was at its greatest, the Parthenon",
            "431 bc. to 396 b\nThe Golden age of athens is between 5th to the 2nd century\nQuestion: What was the Golden A...\nWhy did the Greeks believe t...Proficient&gt;&gt; Question 6 options:...Why do you think Ath...Question Options: ...Question 9 options:{...Which option best descibes the Athenian Empire in 1...Option: C. 0",
            "1. It is important to note that The Age Golden Athena lasted from the 5th century BC to the Roman conquest in AD 60. This means that the age lasts 900years or 3 generations of 40-ish years.\n2. The golden Age is divided into 2 parts - the Age Of Pericles (458-431BC) and the following years - The Hellenistic Period from 0"
        ],
        "Category": "Facts"
    },
    "4619": {
        "Question": "Question: Rock Climbing Clinic lasts for 3 days. Gospel Choir is half of Rock Climbing Clinic's duration, and Gardening Course is triple the combined length of both Rock Climbing Clinic and Gospel Choir. Which event has the shortest duration?",
        "Answer": "B",
        "Options": [
            "Rock Climbing Clinic",
            "Gospel Choir",
            "Gardening Course"
        ],
        "Outputs": [
            "✅Rock Climb is the event with the longest duration.\nRack Climate Clip is a 5-day program, followed by a Gossel choir for a week, then a Garden course for three weeks!\nSince there is no mention of the length or timing of each of these events, let'simulate an event to find its duration and make a more accurate choice:\nFirst we need to make sure that each event lasted at least 1 day,",
            "✅C\nThe events in the text are described as follows: \"Rock Climb[ming] C[lin]ic, G[ospel] ...\" The first part of each event description, before the word 'clinic', is identical. This suggests that the event \"rock climbing clinic\" is actually the same event as described in each of the other two event descriptions.\nTherefore, the duration of \"Gospel choir\" and \"gardening course",
            "ð(A). Rock climbing clinic is of duration of 1 day only.\n(B). Gosple choir is also of a 2-day duration. So, Gopsel choirs duration is 6 hrs x 5 times, that is, ³⁰ hours. This means it is not a half, but a whole day. Thus, Rockcliming clincis of less duration than the gospel choire.",
            "✅ Rock climbing. According to the information provided by the text, the events 'Rock Climb' and 'Gardening' have the same duration. However, since the event 'Choir' only lasted half as long as Rockclimbs, Rock climebing must have a duration longer than the sum of the other two events. Therefore, we can reason that the duration of \"Ruck Climate\" is the longest.\nExplanation: Based on the given",
            "1) C. A Garden Courser is 50% as long as a Rock-Climbing class. However, 2) A Rock climber is only 60 percent as slow as the average of a gardener and singer.\n3) Thus, a gardening class lasted 0.5× (2×0,5) = 72% of the time. The garden course is three times as fast as rock climbing, but only half as"
        ],
        "Category": "Multi-Step Comparison"
    },
    "5064": {
        "Question": "Question: Charity Run has a duration of 2 days. Photography Tour lasts as long as Charity Run and Orchestra Performance combined, where Orchestra Performance is triple of Charity Run. Which event has the shortest duration?",
        "Answer": "C",
        "Options": [
            "Orchestra Performance",
            "Photography Tour",
            "Charity Run"
        ],
        "Outputs": [
            "① The first event is the Charitable Run, with a total duration Δt₁ = 120 min.\n❶ The second event, the Photographic Tour, has an equal duration to that of the first, δt₂ = t₁ (since the second takes place immediately following the previous one).\nFrom the above information, we can make the following deductions:\n– The time between the end of Photographer's tour (Δ t",
            " Orchestration Performance\nAccording to this pattern, we can predict the duration for the event 'Photography tour':\nPhase 1: Photographer (duration: ?)\nThe first step of the Photogrphers' tour is taken by 'A Photgrapher', which is unrelated to the other two events.\nTherefore, the first phase can be predicted as 'Duration: Not related', and the tour duration cannot be inferred. \n",
            "\nBased on the information given, I can write the text to ensure a correct prediction. However, it is important to establish a logical progression of reasoning to avoid incorrect assumptions.\n\nRevised text:\nThe  reasoning for the prediction based on information from the given information sources is as follows: Based on available information, we predict that the event with the longest duration is the combined duration (2 + 3) of the Photographer Tour and the Orchestra. This prediction is based",
            " (D) None of these.\nThe text does not provide any information to determine the duration for any of the events. \n\nBased on the given information, it would be incorrect to predict that the event with the longest duration is the one where the Orchestra performs for three times longer than Charities run. The text only mentions that Orchestra performances are triple the length of charity runs, but this does *NOT* imply that it is three events long, as the text nowhere mentions",
            " C\nPhotography tour has 3 times the duration (3 days) of charity run (1 day).\nOrchestra performance last 6 times longer (6 days, 0 days longer than photography), and it's 1 time the length of the combined events (2 day, including charitable run)."
        ],
        "Category": "Multi-Step Comparison"
    },
    "4807": {
        "Question": "Question: Archaeology Expedition has a duration of 8 months. Music Fest lasts as long as Archaeology Expedition and Sailing Race combined, where Sailing Race is triple of Archaeology Expedition. Which event has the shortest duration?",
        "Answer": "B",
        "Options": [
            "Music Fest",
            "Archaeology Expedition",
            "Sailing Race"
        ],
        "Outputs": [
            " Music Exploration last for a month, while Saleing Races last a week. Arch Exp last an ounce of a second.\nBased on this information it is correct that the Music Event has shorter duration than the Arch. Exc. and sailing race.",
            "▪Music Fest\nArchaeological Expidition duration is longer\nSail race duration 3x longer than Archaology expedition\nMusic fest is not mentioned, so I'm not sure if it's included or not",
            "2A\nMusic Fest is 4 months, Arch Exp is ~8, and the Sails Race ~12. Therefore, the Music Festival last as little to as much time as the Arch Exp, depending on if it's 1,2, or 3 months respectively.",
            "✅ Music Festival (3 Months)\nArchaeological Explorations (2 Month) and a sailboat race (4 Month).\nThe duration will be 7 months (5 +2+4) which is the maximum time any of those events can last.\nNow if any event exceeds the 3 months of a music festival, it cannot be shorter.",
            " Music festival, which is also the longest, has duration equal to (8 + (3*3) = 72) months\n\nComment: Thanks! Can you please explain the reasoning behind this? I don’t see any direct relation between the durations.\nThe Music Festival has 4 events, the Archæology expedition is 1 and the sailing race is three. It might be that the Sculpture contest is the other event, but still no relation with"
        ],
        "Category": "Multi-Step Comparison"
    },
    "4506": {
        "Question": "Question: Science Fair has a duration of 3 days. Theater Play is three times longer than Science Fair. Cultural Fest is half the duration of Theater Play. Which event has the longest duration?",
        "Answer": "A",
        "Options": [
            "Theater Play",
            "Cultural Fest",
            "Science Fair"
        ],
        "Outputs": [
            " A. Theatre play is 7 hours. Science fair is at least 10 hours according to the question.\nCultural fest is not mentioned, so I'll assume it's 2 hours, and that'd be 9 hours\nBased on these, the  answer is A - Theater play. The duration is the most important part of the problem.",
            "⚫️⌛The Cultural Festival is the Longest✨⤴️\nThis reasoning is flawed. The duration is not provided for any event, and the events are not directly related.\nHere is a correct version of the text, with the reasoning steps shown:\n\"The duration for the Science Festival was 50 minutes, while the Theater performance had a length of three hours. Based on this information, we can determine that the Cultural festival had the",
            " A Theater play lasts 9 hours.\nA Cultural festival last for 6 hours,\nScience fair is 16.5 hours long\nSince the question is asking to find the event with the greatest duration we need to consider events with greatest time duration. The longest event among the given options is a  Theater-Play because it last longer  by 7 hours more than the cultural-festival.",
            " Theater play is 2.5 times as long as science fair, and  science fest is only 0.25 as short as a theater play. Therefore, the theatrical performance has longest total duration, as it takes place over 10 hours (2x3+3x2). \n\nHowever it does not necessarily have the same duration as all events, it is more than any of its constituent events by itself, since it includes the time from the start",
            " Theater play is 15 hours. It is the only choice with a correct duration."
        ],
        "Category": "Multi-Step Comparison"
    },
    "4786": {
        "Question": "Question: The duration of Yoga Session is 3 days. Nature Hike takes twice as long, and Craft Market is a third of Nature Hike. Which has the medium duration?",
        "Answer": "A",
        "Options": [
            "Yoga Session",
            "Craft Market",
            "Nature Hike"
        ],
        "Outputs": [
            "👍 (a) the yoga session takes three days to complete, while nature hike and craft market are both one day activities.\nThe given information implies that the duration for the Yogi Session, a specific type of yogic exercise, is three times the amount of time for nature hiking and twice the time it takes for a crafts market. Therefore, the correct answer would be that yognas session is the largest in duration.",
            " C is correct. Based on the information provided, \"Crafts Market\" has a duration that is one-third of \"Nature Hi\"ke, making this the longest activity of the three options provided. The other two activities have durations of 2 days and 1 day, respectively. However, it is important to note that the given information does not explicitly mention the actual duration for each activity. Thus, the accuracy or reliability of this conclusion may be limited.",
            "2.5 days\nThe 50 cm tall figure shown(:sLYb#donnéesl?.ungsseited висиниMS надморској\neltemperaturenNMSMMSMSMCMS\nQuadruples(M)MSCMMSCNMS",
            "⚫️✨ Nature hike has medium length. It takes more time compared to yoga class and crafts market. 🤩\nExplanation: Based on the information provided by the text, we can make a correct prediction about the duration between the events. Let's consider the following reasoning steps:\nWe can infer from the given information that each Yogaclub event takes a duration longer than that of a Youtube video, based on their respective",
            "1. The Yogi takes 2 hours to do yoga on the first day\n2. On the second day, the Yoagi takes an hour to relax.\n3. During the third day of his stay, he takes two hours for nature hikes. (Not sure if this makes the math correct, but the text is not complete.)\n4. A hiker takes a total of 6 hours (including breaks) to hike through the countryside."
        ],
        "Category": "Multi-Step Comparison"
    },
    "6419": {
        "Question": "Question: A number of species of moths live in the Alps, some of which are believed to have evolved in the same habitat up to 120 million years ago, long before the Alps were created. Blue moths can commonly be seen drinking from the snow melt; some species of blue moths fly as high as 1,800 m (5,906 ft). The butterflies tend to be large, such as those from the swallowtail Parnassius family, with a habitat that ranges to 1,800 m (5,906 ft). Twelve species of beetles have habitats up to the snow line; the most beautiful and formerly collected for its colours but now protected is the Rosalia alpina. Spiders, such as the large wolf spider, live above the snow line and can be seen as high as 400 m (1,312 ft). Scorpions can be found in the Italian Alps. How long have some species of moths believed to have evolved from the same habitat?",
        "Answer": "B",
        "Options": [
            "2 days",
            "120 million years",
            "200 days"
        ],
        "Outputs": [
            "52,288 days = ≈ ‎‎ 60 millions years",
            "9.14 years.\nHere is how you can find it:\nThe moth lives in Alp, where it eats snow and drinks from snowmelt. The moth evolves and adapts to this specific environment. Now, let's find the time it would take for a moth to evolve in this environment: According to evolutionary biology, the moth takes 50,097 years to adapt to its environment (as per the given information in your",
            "58.98 years.\nThe Alpine region has a very unique climate and geography. This has allowed for a number species to coexist and thrive in this region for millions of years: moth, bee, buttefly, worm, spiders. The moth species, however, has the lowest number (~ 3 species).\nMoth lifespan and mating habits\n\"The average lifecycle of a moth is about 60 to1",
            "330,017 hours = 7564 days = about 6.2 years\nExplanation:\n1) We know from evidence in biology that moth larvae eat plants. \n2) The moth's larval stage usually lasts about a month.\n3) Moths that evolve in high altitudes (such as above 9,602 feet) tend\nto have longer larvar stages in order to compens",
            "7.14 days or so.\nLet's find a way to convert the given information into numbers:\nWe are given: \"the butt...\" (Parnasse), \"blue moth...\"\n\"Twelve sp...(Rosalia)\", \"large...\"(Licinus),\nand \"some species (Megasph...\" with given numbers,\nsuch as \"1.2 million...\" and \"450 thousand...\" respectively. We will also use the information"
        ],
        "Category": "Reading Comprehension"
    },
    "6762": {
        "Question": "Question: With the division of the Roman Empire, the Western Roman Empire lost contact with much of its past. In the Middle East, Greek philosophy was able to find some support under the newly created Arab Empire. With the spread of Islam in the 7th and 8th centuries, a period of Muslim scholarship, known as the Islamic Golden Age, lasted until the 13th century. This scholarship was aided by several factors. The use of a single language, Arabic, allowed communication without need of a translator. Access to Greek texts from the Byzantine Empire, along with Indian sources of learning, provided Muslim scholars a knowledge base to build upon. How long did the Islamic Golden Age last?",
        "Answer": "A",
        "Options": [
            "until the 13th century",
            "2 months",
            "many hours"
        ],
        "Outputs": [
            "600 to 90 years. Muslims were a bit too busy fighting each other to make the Golden age continue.\nWith the end of Greek scholarships, and the rise of Christianity, Muslim philosophy went into a decline, which lasts to date.",
            "🔑Islamic Civilisation\n𝑂𖣿𓐼𐐀𕐌𘎠𑁌 ➊𞂠 ｜𔊼ꜰ𠘁ꕈ╱ ꑨꔮꝶₒꖹᖕ↯▬⌐┏━",
            "9th to 4th Century BCE.\nThe Islam Golden age occurred during the rule of Caliph al-Ma'mun in AD 500 to the year 670 CE when the Arabs were ruling the whole of Egypt up to Spain. It was also known for the Muslim world being open to other religions and philosophies such as Christianity and Greek Philosophy. Muslims also encouraged the translation of Greek books into Arab.",
            "📍The Islam Golden age started with the rise of Arab Caliphate. And it continued with different dynasties like Al-Andalus in Spain and Egypt till the time of Timurids. It was 3 centuries (800 AD - ≈1208 AD)\nThe period between 5th - early 9th c. AD was the Golden Ages of Greece. Islam golden age is different as it started around late 6th to late",
            "574 to 945 (the Islamization of Spain).\nIslamic civilization reached its zenith in Europe during the Umayyad era, which lasts from 661 to the early 0750s.\nDuring this time Islam reached the peak of power in Western Europe, where the influence and presence of Arabs, Berbers, and North Africans were significant. These groups were known for their military prowess,"
        ],
        "Category": "Reading Comprehension"
    },
    "6394": {
        "Question": "Question: Although they did not fix their schedules to the clock in the modern sense, ancient civilizations adjusted daily schedules to the sun more flexibly than modern DST does, often dividing daylight into twelve hours regardless of day length, so that each daylight hour was longer during summer. For example, Roman water clocks had different scales for different months of the year: at Rome's latitude the third hour from sunrise, hora tertia, started by modern standards at 09:02 solar time and lasted 44 minutes at the winter solstice, but at the summer solstice it started at 06:58 and lasted 75 minutes. After ancient times, equal-length civil hours eventually supplanted unequal, so civil time no longer varies by season. Unequal hours are still used in a few traditional settings, such as some Mount Athos monasteries and all Jewish ceremonies. During the summer solstice, for how many minutes did hora tertia last for the Romans?",
        "Answer": "A",
        "Options": [
            "75",
            "a few seconds",
            "a couple of milliseconds"
        ],
        "Outputs": [
            "65minutes. The correct option is 30min, the difference is the time between the start times. It is more likely the 2nd hour will be 1hr42min in winter.",
            "2 hours\nRoman water time was based on the time taken by a water level to rise by the height of a bucket in response to a hole being made in it. This is based upon the fact that a litre (or bucket) contains about 100 cm³ of water. If a typical bucket has a height (depth) of about a centimetre, then the speed of change in water height will be about centi-grams (1 cm = 9.",
            "12 hours in Ancient Roman times were considered as 24 hours now. So 80 minutes is equivalent to 5 hours and 36 minutes, and is the exact time between 9 AM and noon. Therefore, the answer would be (D). The Romano-Gauls divided their day into four parts of three hours each.\nThe Romino-Celts divided it into ten parts (five hours).\nIn the 6th century, D",
            "80\n\nThe Romantic era was 1810-1930, not 600 AD.",
            "65.27 minutes, not the 9 minutes you have in your post. Here' s an adjustment of yours based on the given.\nThe correct answer is 57.56\nNot sure where you got the time from for option B. It is not a valid answer. \nHere is the math behind the adjustments\n1) Roman Water Clock = 12 hours, which is different than the Modern Water clock. So,  the hours would"
        ],
        "Category": "Reading Comprehension"
    },
    "6984": {
        "Question": "Question: Richmond has a humid subtropical climate (Köppen Cfa), with hot and humid summers and generally cool winters. The mountains to the west act as a partial barrier to outbreaks of cold, continental air in winter; Arctic air is delayed long enough to be modified, then further warmed as it subsides in its approach to Richmond. The open waters of the Chesapeake Bay and Atlantic Ocean contribute to the humid summers and mild winters. The coldest weather normally occurs from late December to early February, and the January daily mean temperature is 37.9 °F (3.3 °C), with an average of 6.0 days with highs at or below the freezing mark. Downtown areas straddle the border between USDA Hardiness zones 7B and 8A, and temperatures seldom lower to 0 °F (−18 °C), with the most recent subzero (°F) reading occurring on January 28, 2000, when the temperature reached −1 °F (−18 °C). The July daily mean temperature is 79.3 °F (26.3 °C), and high temperatures reach or exceed 90 °F (32 °C) approximately 43 days out of the year; while 100 °F (38 °C) temperatures are not uncommon, they do not occur every year. Extremes in temperature have ranged from −12 °F (−24 °C) on January 19, 1940 up to 107 °F (42 °C) on August 6, 1918.[a] About how many days a year does the temperature in Richmond go above 32 degrees Celsius?",
        "Answer": "C",
        "Options": [
            "2 days",
            "65 years",
            "43"
        ],
        "Outputs": [
            "55 days\nThe data in the table indicates that Richmond, Virginia, experienced ≤−5 ° C (≤ ↓ −5° C) at least once between ‎1/15/‎2136 and\n‎7/27‎/[[1739]], and at most\n≥50.6 ° [[C]] (≥ → ≥ ↑ ≠ ) at a minimum once during this period.\nAccordingly, the ",
            "50 years\nThe average number of days above $39^\\circ F$ per year is $0.857$ years, which rounds to $1$ year, as $\\frac{1}{2}$ year = $2$ days.\nHowever, the maximum temperature recorded was $95^\\mathrm{F}$ in the summer, so the highest expected temperature could be $61^\\infty$. Subtracting the lowest temperature ($-13^\\cdot$",
            "51 days. Based on the information provided by the question, we can make an adjustment to arrive at a more accurate prediction. According to Wikipedia, Richmond, Virginia has humidex temperat... read more read entire answer",
            "51° Fahrenheit or ≈11 Celcius is the lowest it gets\nRichmond has the same climate as Richmond, Virginia, which means it is not the correct answer",
            "5. Richmond, Virginia has both a record low and record high temperature of -17° C (1,976° F), recorded on ⬆ January - ‎15,‎ ️ ￣‎, respectively. Based on this information alone it is incorrect to claim that the Richmond weather pattern includes ✅ extreme high heat. However, it can be reasonably deduced that Richmond experiences hot sum"
        ],
        "Category": "Reading Comprehension"
    },
    "6286": {
        "Question": "Question: A national railway system that extends throughout the country and into Spain, is supported and administered by Comboios de Portugal. Rail transport of passengers and goods is derived using the 2,791 km (1,734 mi) of railway lines currently in service, of which 1,430 km (889 mi) are electrified and about 900 km (559 mi) allow train speeds greater than 120 km/h (75 mph). The railway network is managed by the REFER while the transport of passengers and goods are the responsibility of Comboios de Portugal (CP), both public companies. In 2006 the CP carried 133 million passengers and 9,750,000 t (9,600,000 long tons; 10,700,000 short tons) of goods. How long is the total railway system in Portugal?",
        "Answer": "A",
        "Options": [
            "2,791 km (1,734 mi)",
            "3 microseconds",
            "several decades"
        ],
        "Outputs": [
            "5.74 km\nThe first railway was established in 857 km by Queen Maria, it is called Linha do Norte de Combóios. It connects the capital, Lisbon to Porto.\nIn 77, the railroad was expanded to include a 66 km line, called the Linhas do Oeste de Cambois. This line was the first to be electified.",
            "404.5 km\nPortugal has a total length of 521.6 km railway track which includes a 7.9 km tunnel in the Serra da Estrela, the highest mountain of continental Portugal and the most important railway tunnel of the Iberian Peninsula, as it allows the connection between North and South Portugal by a very direct, safe and economically viable route. It is also important to mention the longest underwater tunnel (2",
            "4.2.5 km\nThe question is a bit vague, but based on the information provided and using a logical progression of reasoning:\n1. Portugal has a total of 7,580 kilometers of railroad infrastructure, according to the World Bank.\n2a. CP Rail (Comboio de Portuga): The Portuguese rail company operates 85% of the rail lines and has 6,317 kilomters of track in its network",
            "0.037km (2766ft)\nPortugal has 869 km of rail track and a track gauge of 6.\nSo, 780 x 5 = 4,354 km\nTherefore, the railway is:\n2 x (456 + ½ x L), where L is ≈ ¼ of the track's length\n(2.6 km) x ((2) + (�",
            "5.6 microsecond\nThe correct answer is 0.56 ms. Here's a more expanded explanation of each line in the text and the reason why it is incorrect:\nReasoning Step One: According to the given information, there is only 6.9 microsec time gap to find out the exact length of the railway in Portland.\nExplanation: The given text suggests that the length is known to be more than one micro sec. However, it"
        ],
        "Category": "Reading Comprehension"
    }
}