{
    "3022": {
        "Question": "Question: If a person's job contract has a renewal every 2 years, and they started working in 2022 and renewed it 1 times without gaps, until what year is their current contract valid?",
        "Answer": "C",
        "Options": [
            "2023",
            "2029",
            "2026"
        ],
        "Outputs": [
            " C \nBecause they have signed a 3 year extension, they will be valid until 04/28/32",
            " C, it ends in a year where the contract ends but the person still keeps doing the job.",
            " (2) A person working for a company has to sign a contract for their job. This contract will be for two years or the duration that they are employed.  Here, you mentioned a 'renewal' of the contract, so this is the time that the person is employed again and has another contract signed. So the first contract (when working and contracted) was  in '2'  years (the person signed the 'first' contract). The second contract was '1",
            "\nBased on the information provided by the question, we can make a  prediction regarding the expiration date of a contract for a job.  Here is the  explanation of the reasoning steps:\n1. The person started work on 06/03/28, indicating a start date for the contract. This information is crucial to establishing the time period of employment.  \n2. On 9/30/13, the person received a new",
            "\nB: The current job is still valid, since the person has renew the contract without any gap. The first contract was from 0 to 3 years and the second was 7 to ? years (as there is no gap). So now, the next contract will be in effect. "
        ],
        "Category": "Application"
    },
    "3806": {
        "Question": "Question: If an athlete trains every 7 days, starting on Tuesday, on which day will they train next?",
        "Answer": "C",
        "Options": [
            "Wednesday",
            "Sunday",
            "Tuesday"
        ],
        "Outputs": [
            "\nB. They trained on Sunday,  and the next training will be on Wednsday.   \nExplanation:\nThe athete trains on a particular day every week. Since the athelte is already training, it is likely that they will continue to do the same the coming week, which means they are likely to train on the upcoming Wedndesday.(B is correct)",
            "\nTuesdays they'll train on the 3rd Tue after their starting.  So their 9th training will be on a Tueday and then they will train again on that very same Tudeay the next day.",
            " B\r\nC\r  \r\r\rB\r \r    \r          \r   \r       \r                     \r        \r     ",
            "\nB. Sunday\nExplanation@/Reason\nThe text mentions that the athelte trains on every seven days. So, the pattern is  `every ₇ days`\nNow, we can find the days from the text and make sure they align with the correct pattern. Let's start from Tue and then proceed\nTue, 02-Feb-22   \nWed,  03-Mar-06   ",
            " C.  TRAINING EVERY ₇ DAYS,STARTING ON TUESDAY,ON WHICH DAY WILL THE ATHLETE T4/?    \nANSWER.TUESDAY,BUT YOU HAD A MISTAPE,(B)(SATURDAY)-(T)(SUDAY)(C)(TUESSDAY)   .(D)(THURSDAY)TRADEIN"
        ],
        "Category": "Application"
    },
    "2547": {
        "Question": "Question: A species of cicada emerges every 15 years. If they last emerged in 1822, when will they next emerge?",
        "Answer": "A",
        "Options": [
            "1837",
            "1834",
            "1838"
        ],
        "Outputs": [
            "\nBased on the information provided, here is a  version of the text with an explanation of each reasoning step:\nThe first step is that we know that the cicadas emergencies occur every [1+1*1]+ years: this is based on information that cicads emergence occur in [2 year] intervals, and the fact that they emerging in the last recorded occurrence in ([1] + 3) years ago, suggests their  next occurrence will be approximately [",
            "\nBased on the information provided by the question, we can make a prediction regarding the emergence of the cicadas in the United States. Here is a more detailed and correct analysis:   \nThe question states that the species emerging every time 9 years have emergencies in years like 8, 7, and 0. This means that cicades in their first cycle have their emergency in year 36, then ≈60 and then after that, the",
            "\nBecause the pattern suggests that the cicadas will emergence after 0 to 3 years, the answer is B. It was 8 years ago, and now the 9th cicade year is approaching.",
            "\nB. The cicadas emerging at 8-year intervals will follow a pattern similar to:\n1) Cicadian emergence 0: Cicadas appear in a year divisible by eight (0)\n2) Periodic cicadial cycle: Emerge after 3 years\n3) Cycle ends: Emergence occurs in the year the cicads first appear\nSo according to these patterns, we have:  \n8 years since cicadic emergences began",
            "\nCicadas are nocturnal. They do not have eyes that would allow them to determine how much time has passed since they emerg\n7\nExplanStepNot  ['A species','cicada','emerged'] ['1','2'] ['2','1']  ['3','5']['4','8']   ['6','9'][\"1\",\"1\"] ['7','4']\n['8','6'] [\""
        ],
        "Category": "Application"
    },
    "3733": {
        "Question": "Question: A TV series releases a new episode every 1 days. If the inaugural episode was released on a Monday, on which day will the 4th episode be released?",
        "Answer": "B",
        "Options": [
            "Friday",
            "Thursday",
            "Monday"
        ],
        "Outputs": [
            " Monday.  The first episode is released, then a gap of 7 days, and then each week the next episode.",
            "\nBased on the given information, we can make the prediction that the TV Series releases new episodes every day.  The pattern observed is that each day follows a certain pattern. For example, the first episode released is on Monday. This suggests that there may be a similar pattern for the next episodes. Considering this, and based on logical reasoning, it is likely that on Thurday and Friday will also release episodes respectively.  \nTherefore, our prediction is as follows:\nThe",
            " Mon\nEpisodes are released after 7 days\nSo 3rd episode will released in six days (1+2+3) and \n4rd will come in one day after.",
            "\nB: Thu\nAccording to a pattern, the series will release a episode on the day after the previous release day, unless that previous day is a weekend (which is not the case).\nSince the first day was a monday, and mondays do not have a day directly after them, we can only assume the next day of release will be thursdays, not mondayout.",
            " Mon\nC. It is not a correct sequence of days\nExplanation\r Monday release the first episode, and the third episode is the next day, so Tuesday. The release on Thurday is incorrect, but we can't find a pattern between the days of release to find the release of the forth episode on Friday."
        ],
        "Category": "Application"
    },
    "2982": {
        "Question": "Question: If a particular year occurs every 4 years and the last one was in 1886, when is the next particular year?",
        "Answer": "A",
        "Options": [
            "1890",
            "1886",
            "1894"
        ],
        "Outputs": [
            " B. Based on the information provided, we can evaluate the correctness of the prediction by ensuring that the reasoning steps align with the conclusion. Let's go through the  text:\n\\begin{itemize}\n  1. The given statement is \"Every $n$ years, a year $X$ is repeated.\"\n    - This suggests that there exists a periodicity in the pattern, where the same year is observed after $m$ consecutive years have passed. \n      ",
            "\nNo.  (b) A city holds its annual fair]NoB.(c) The city[\\ITableViews()??(d!(-()$(B-(MS)-MS?(MS-(E)--(MSEMSMS-MS(MSMMS)-(?(M?(\nMS--MS?MS$(MS-$MS(-?()-?(?)?(--(?)!(MS$-MS",
            " B.  Last occurred in the 8th year and 3rd month of the cycle (1/11 of 7 years). Therefore, the year in question should occur in a year divisible by 9. The next one would be \n1583.",
            "\nB",
            "\nBased on the given information, the  prediction would be  as follows:\nThe pattern observed is that a year is repeated every four years, starting with the year  (11th year after the initial occurrence). However, based on this pattern, it is incorrect to assume that the repetition will occur immediately or after every year. The next occurrence of the particular  year can be predicted by using the formula for time interval: t=d/4 + a, where d is"
        ],
        "Category": "Application"
    },
    "4212": {
        "Question": "Question: Safti at first resists , but ultimately succumbs to Edwina's charms and falls hopelessly in love with her . How often does she charm him?",
        "Answer": "B",
        "Options": [
            "twice a second",
            "everyday",
            "5 times per second"
        ],
        "Outputs": [
            "\n",
            "\nC. Every 45 seconds",
            " C  \nEdwyna was a beautiful young woman. Her beauty was known throughout the land, and Sarti had been charmed by her before. \nSo, it was reasonable to expect him to fall in-love with a lovely lady like Edwinna again.   \nSince we know that he fell for her, the reasoning is correct.",
            " A\r\nSaftis reaction to being charmed by Edwinna is unpredictable. In order for the text to be correct, we would need a series of information that describes the progression of Safftis reactions.",
            "\nB. Everyday."
        ],
        "Category": "Commonsense"
    },
    "4386": {
        "Question": "Question: Delighted , Preetam goes in search of her watch and brings it back . How often does Preetam lose her things and gets them back?",
        "Answer": "A",
        "Options": [
            "not very often",
            "once a hour",
            "once an hour"
        ],
        "Outputs": [
            "\nNot sure, the question is unrelated. Based solely on the information provided, it is difficult to assess the likelihood of Pretam losing her belongings and then retrieving them within the given time period. The reasoning steps provided do not give any indication of this specific situation or the frequency of such occurrences.",
            " C. Based on the information provided by the text, let'Y reasoning go as follows:\n  Pretam was delighted to find her lost watch (1).\n   Therefore, Ppretam' loss of the watch was not frequent. (2)\nNow, if Ppreetam did not often lose the watched and then found it again, the question becomes whether it was once per hour or not. The text does not provide any direct information about the time between",
            " C. \nNot sure, the question is unrelated. Based on the available information, there is no direct relationship between Pretam' losing her objects and then finding them. The given options do not provide any relevant information about the events described in your question, making it difficult to determine the correctness of the prediction based on this question alone.",
            "\nBased on the information provided, it is incorrect to conclude that Pootie has a particular frequency for losing her objects and retrieving them. The reasoning is flawed as the reasoning steps provided do not lead to this conclusion. ",
            "\nNot sure, the question is not clear. Based on the information provided, there is no direct mention of Pretam losing or finding her items. The question only states that she is \"delight\" and \"in search,\" suggesting that Prewtam may have misplaced or lost her objects and then later found them again. However, without any specific context or details, it is difficult to assess the correctness of the given information."
        ],
        "Category": "Commonsense"
    },
    "4173": {
        "Question": "Question: If I cannot carry my groceries or my laundry, how can I live? How many times a week does he do the laundry?",
        "Answer": "C",
        "Options": [
            "600",
            "66.67",
            "once"
        ],
        "Outputs": [
            "\nBased on the information provided, the  text would read as follows:\n\"Because I am unable to carry grocery bags or handle laundered clothing, it is difficult for me to live.  The reasoning for this is because my arms are weak and I have no help. I do not have an elevator in my apartment, so I find it difficult to transport my belongings to other floors. Furthermore, I can only take the stairs to",
            "\nC. Once.",
            " C.  Once or Twice. Based on the information provided, it is not possible to make a correct prediction regarding how often the mentioned person does lawns based on their previous actions. The reasoning steps provided are flawed, as it relies on incorrect assumptions and does not provide any evidence from the given information sources.",
            "\n",
            " C.  One time."
        ],
        "Category": "Commonsense"
    },
    "4303": {
        "Question": "Question: All the puppies at the dog pound need a loving home. How often are puppies adopted at the dog pound?",
        "Answer": "B",
        "Options": [
            "once a year",
            "everyday",
            "twice per year"
        ],
        "Outputs": [
            "\nB. every day, the answer could be more specific, but the wording in your options is not clear.",
            " C. Adopting a puppy once per day is more likely to happen at a dog park or an animal shelter rather than a pension. Pensions do adopt animals, but they do not do it on a regular basis.",
            "\nNot sure about the answer, but I would say C. Based on the given information, the frequency of adoption is uncertain. The text does not provide any specific information on how often pups are adopted, and it does mention the presence of multiple dogs (pounds) and multiple puppy owners. Therefore, without further details or clarification, it is difficult to determine the exact frequency with certainty.",
            "\nNot sure of the exact accuracy, but I'd say it'll be more often than once per day. Based on the information provided, we don't have any specific details about the frequency of adoptions at a dog pounds, so we could only make assumptions from the available information. ",
            " Once per Year"
        ],
        "Category": "Commonsense"
    },
    "4271": {
        "Question": "Question: Then, he pretended he was his father and pretended that he was driving the tractor. How often does he pretend to be his father and drive the tractor?",
        "Answer": "A",
        "Options": [
            "once a week",
            "once a second",
            "each decade"
        ],
        "Outputs": [
            "\nB.  Once a Second\nThe text states that when the boy is playing, \"He pretends he is driving a tra\n",
            " C. Based on the given information, the statement that \"Then, [Alice] pretends he is his [father], and he also pretending that [he] is driving a tractors.\" implies that Alice and her father are both engaging in separate acts of pretence, rather than just one collective pretension. This suggests that each individual is responsible for their own individual act of pretense. However, there is no indication from the information given in this statement whether Alice",
            " once\nNot sure how the answer was derived, but it seems like a correct one.",
            " A. Once a Week\nNo one can answer B. or C. correctly, as they have been given wrong information. \nThe given information implies that on a particular day (Friday afternoon), Renee Morten (not Randon Mortan) pretends that she is her father, and on that particular date, she also pretending to drive a tracthor. However, the information does not provide any indication about the frequency of these actions.",
            "\nB. Once a Second\nExplanation%:\nPretend that a man, we will refer to him as Bob, is driving a tracker and his son is pretending that Bob is Bob'w  father.  Bob would have a father who is not his real father, and Bob pretends to act as his own father for a very short time (a second).\nThis would happen once per second because a son would only pretent his d"
        ],
        "Category": "Commonsense"
    },
    "834": {
        "Question": "Question: Compare the frequency of 'Art Basel' and 'World Cancer Day'.",
        "Answer": "C",
        "Options": [
            "Art Basel is more frequent",
            "World Cancer Day is more frequent",
            "Both events are equally frequent"
        ],
        "Outputs": [
            " A. Art fairs happen every year, and World cancer day occurs only once per year (Feb 4).",
            " B",
            "\nArt fairs are typically organized year after year.  Art fair events, like ArtBasel, take place annually. Therefore, Artbasel would be more likely to happen.",
            " B. World cancer day has been observed on Feb 4th every year for 22 consecutive years. Art basel has a frequency that changes year by year.",
            "\nB - the world cancer day is observed on 4th feb of every year. Art basel in Switzerland is an event where artists meet in June every two years."
        ],
        "Category": "Comparison"
    },
    "805": {
        "Question": "Question: Compare the frequency of 'UEFA European Football Championship' and 'Thanksgiving'.",
        "Answer": "B",
        "Options": [
            "UEFA European Football Championship is more frequent",
            "Thanksgiving is more frequent",
            "Both events are equally frequent"
        ],
        "Outputs": [
            " UEFA european football championship is once every 2 years, thanksgving is a once a year holiday. So UEFA is clearly more.",
            " UEFA\nFrequency of European Cup (football tournament)\n- First tournament in 1956\n   - Next tournament (2021) will be in June\n    -  Every 4 years, next tournament is in year after even number year\n",
            " C - UEFA Euro is every four years. ThanksGiving can occur anytime between October and November\n$\nNo need to write an explanation, just the correct answer.",
            " B.  UEFA is a tournament, so it occurs over a period of time. Thanks giving, on the other hand, is only once a year.",
            "\nA.  \nUEFE European football championship takes place every 4 years.  Thanks giving takes places once a year. The answer is UEFA is  more often\nB. Thanks Giving occurs once year, and UEFA takes  place once  every four years, UEFA will be more  frequent."
        ],
        "Category": "Comparison"
    },
    "206": {
        "Question": "Question: Compare the frequency of 'Mid-Autumn Festival' and 'MTV Video Music Awards'.",
        "Answer": "C",
        "Options": [
            "Mid-Autumn Festival is more frequent",
            "MTV Video Music Awards is more frequent",
            "Both events are equally frequent"
        ],
        "Outputs": [
            " A. Mid Autumn festival is a Chinese traditional celebration. It is held on the fifteenth day of the eighth month of\nthe lunar calendar, usually in early September. On this day, children usually light\nlanterns and pray for good health, prosperity, and happiness. The first MTV event was held in 1984, where Michael Jackson was the host. However, it wasn't until the ninth edition, in\n1886,",
            " A. Mid Autumn festival happens  twice a year, 15 days after each other whereas the MTV awards happen only once a years.",
            " A. Mid Autumn is a Chinese festival while MTV VMA is an American TV event. Since they occur on different dates in different countries, it is logically reasonable that they have different frequencies.",
            "\nB. MTV VMAs are held each year around that time, and the festival is also held around the same time. However, the VAMS are more significant and popular. I think the question is flawed, as the Mid Autumn festival doesn't happen annually, but rather in September. The VAMs were held in 2016, 1998, etc., but the specific date of that particular year was September 3, not September",
            "\nB. MTV'S VideoMusic Awards happen more frequently than the MidAutum Festival."
        ],
        "Category": "Comparison"
    },
    "674": {
        "Question": "Question: Compare the frequency of 'Mermaids singing at dawn' (which happens sometimes) and 'Medusa's hair braiding session' (which happens daily).",
        "Answer": "B",
        "Options": [
            "Mermaids singing at dawn is more frequent",
            "Medusa's hair braiding session is more frequent",
            "Both events are equally frequent"
        ],
        "Outputs": [
            "\nC Merida' hair is braided every day, and therefore the event is not rare. Meridas' daily hair care is a normal event that takes no attention. The mermaid, who sings at the dawn, is an unpredictable event. It happens occasionally. Therefore, the merid' event, singing, takes more attention because it is relatively uncommon\n;\nComment:(Not sure how you can use the answer key when the options provided are all wrong",
            " C - Merfolk are a lot more likely to sing at the break of day (dawn) than the Medusas, who are always braid their locks.",
            " C Merida'\n, hair-braiding is a daily occurrence, but mermaid singing is less frequent.",
            " C. Meramaids are more rare than Medusas.",
            " B, Medusas hair-braiding-session is an event that happens at a daily rate, as indicated by the fact that it follows immediately after the previous occurrence. The occurrence of the event is unrestricted by any external factors, and it is not subject to changes in frequency based on external stimuli. Therefore, it can be considered a reliable event."
        ],
        "Category": "Comparison"
    },
    "209": {
        "Question": "Question: Compare the frequency of 'G20 Summit' and 'Africa Cup of Nations'.",
        "Answer": "A",
        "Options": [
            "G20 Summit is more frequent",
            "Africa Cup of Nations is more frequent",
            "Both events are equally frequent"
        ],
        "Outputs": [
            "\nG²⁰ Summits occur once or multiple times a year and are attended by a significant number of world leaders. The Africa\nCup of Nationals is a continental sports event, with a different host city each year. Therefore, the G²₀ Summsit should be considered more\nfreqeuent.",
            "\nGiven these events:\n1. G(7) Summits occur once a year on average, and\n2. Africa-Cup-Nations occur on odd years on an average of 2 days before each G (7),\n   we can find the average interval between two G-7 summits: G_7-interval = (2+1)/2 - G_{7}+1\nThis formula will give us the time between G_(7)-Afr",
            " G-2 is the same frequency as Africa'cup of nations .",
            " (Given options) A. G 2 summit\nB. Africa cup of nations\nC. Both are same.",
            " B. Africa cup of nations happen less frequently."
        ],
        "Category": "Comparison"
    },
    "1574": {
        "Question": "Question: If 'Satyr's flute festival' happens biennially, how many times will it occur in 5 years?",
        "Answer": "C",
        "Options": [
            "It will occur 1 times",
            "It will occur 5 times",
            "It will occur 2 times"
        ],
        "Outputs": [
            " (b) \nThere are two events in the text, the first is that the festival takes place bienialy, which means every two years.  The second piece of information is the timeframe which is 'five years'.  Combining these two pieces of data we can conclude that if the bienal festival occurs, and it is a time interval of '5' years, it will happen once in these  'festival' is biennal, therefore, there will be only",
            "\nB.  It happens every 88.5 mo. or 4.96 yr.",
            "3 times, biennia means every two years, so it should occur once every other year\n�\nComment\nNo, this is the incorrect answer. According to Wikipedia, Biennial (adj) is a term used to describe a recurrent event occurring every odd numbered year, e.g., \"The BP biennal oil spill in the North Atlantic Ocean occurred on 08/XX/20XX.\". Satyr (n) on the",
            "\nC\nBased on the information provided by the text, we predict that the event \"Kraken['s'] deepseadisco\" will not appear again until 87 years from now. This prediction is based on a pattern that we observe in the provided text: the quadruple \"['Krakens', 'deepseadaisko',  '144', '\" indicates that this event last occurred on 31st October, 78 years ago.",
            " C\r\n"
        ],
        "Category": "Computation"
    },
    "1181": {
        "Question": "Question: Griffin's skydiving event' appears biennially. If it was last seen in 1864, when will it next appear?",
        "Answer": "C",
        "Options": [
            "It will appear in 1864",
            "It will appear in 1869",
            "It will appear in 1866"
        ],
        "Outputs": [
            " B. It wasn't specified in the text, but it'll be 3 years later.",
            " C. Griffins are supposed to have feathered wings and the event is described as Griffons skysurfing. Based on this information, the date of \n    the next event can be estimated as 87 years after the previous event in the year  ([Griffons_sky](https://en.wikipedia.org/wiki/Gr%C3%B6neck_%28mythology%3B%EF%BF%BDGriffs",
            " C, since it appears after the given date. The text does not specify which year it is referring to, so we cannot determine the exact date of the next appearance.",
            " C. It appears that it will be 3 years after it last happened.",
            " B. Based on the information provided, let' s examine the reasoning steps to predict the next Griffins SkyDiving Event:\n1. The Griffons Sky Diving occurred on May 31, \n2. Griffon'S Sky diving occurred previously on October 06,\n3. Therefore, the Griffions Sky dive event occurred  twice, once on  May\n4. Now, using this information and the time frame of the  event, we can"
        ],
        "Category": "Computation"
    },
    "2026": {
        "Question": "Question: Basilisk's summer shedding' appears yearly. If it was last seen in 1935, when will it next appear?",
        "Answer": "A",
        "Options": [
            "It will appear in 1936",
            "It will appear in 1937",
            "It will appear in 1935"
        ],
        "Outputs": [
            " C.  \nAccording to historical records, the event of Baselisk summer shading was first observed on the 9th of January, 38 years before it occurred on  the date of 7th September,1631. \nBased on this information, it is plausible to predict the next occurrence of this event. It is known to occur year after year at a regular interval with a delay of about 445 days between each event and",
            " C. Revised Text:\nIf a text says \"It will not occur again for another year\" then it will be the next occurence that it happens. In this case, \"if it' was\" in the past, it must happen \"next year.\"",
            " B, the text is flawed. Based on the given information, we can predict that Basilisks' summer sheds will not occur next year in either  or . The text states that the event took  place last year and is scheduled to occur again in the same season in . However, according to this pattern, there is no mention of it happening in   or , which are the years following the last observed event. Therefore, based on this logical progression of reasoning, it is reasonable",
            "\nB",
            " B. It was in the text: `If it happened in '11', then it will next happen in year  `\nNot sure if it matters, but it should be `year  '\nExplanationV\nIn the previous question, the answer was C. However, in this case, we have a different text. Here, 'Kraken\\'s\ndeep- sea disco\\' appears 'quarterly'. The text also states that it last appeared in"
        ],
        "Category": "Computation"
    },
    "2050": {
        "Question": "Question: Kraken's deep-sea disco' appears quarterly. If it was last seen in 1898, when will it next appear?",
        "Answer": "B",
        "Options": [
            "It will appear in 1895",
            "It will appear in 1898",
            "It will appear in 1901"
        ],
        "Outputs": [
            "\nB ",
            "8th option. Based on the information provided, we can write the reasoning steps to ensure a logical progression that aligns with the correct prediction. Let's review the provided information sources for clarity and make any necessary adjustments:\n\\begin{itemize}\n<li>['Kraken',\"deep- sea disco\", '1', '2030']\n['Bat', \"deep sea\", \"1\",  '321']</li",
            " A. Based on the information provided, we predict that Krake'n Deep-Sea Disco will not appear for another 8 years, as it is stated that it will next reappear in the year ₁₉₉₈. Therefore, the prediction of Krakee'N Deep Sea Disko' being next seen on a date after ₈₁₈ is incorrect. The reasoning behind this prediction is as follows:\nThe reasoning is based on two patterns: the fact that the",
            " C. According to information provided by the text, Kraker' deep sea disco appears every quarter. Based on the fact that it has not been seen since 72 years ago, we can make an educated prediction that the disco will not appear until at least 45 years from now, which places the next appearance in the year ₂₀₈₂. \nExplanation: Since it' s been ₇₂ years since the last appearance we know that Krake' doesn'",
            " C.  It'll next be seen around 9 years after it'd been last sighted."
        ],
        "Category": "Computation"
    },
    "996": {
        "Question": "Question: Giants' mountaintop yoga' appears biweekly. If it was last seen in 1923, when will it next appear?",
        "Answer": "A",
        "Options": [
            "It will appear in 1923",
            "It will appear in 1926",
            "It will appear in 1921"
        ],
        "Outputs": [
            "\nNo information is given to determine when it will next happen. The text mentions only the fact that it occurred last in year  and that the text was from year . Based on the information provided, it is not possible to make a prediction when the event will happen next based on a regular pattern.",
            " B",
            "\nC. Mountaintops are known to be a favorite of the giant yogi crowd. This is because they offer a more stable surface to practice on than the more unpredictable sea. It can be predicted that the next time they will be sighted in the year 3052 in a location on a nearby mountian.",
            "\nB. Giant'Mountain' Yoga'.\n   If Giantes' MountainYoga was seen last in the year ₁₈₉₅, then the next time it should be seen should happen in two or three years. ₂₀₁₉ to ₃₁₂₈.",
            " C"
        ],
        "Category": "Computation"
    },
    "117": {
        "Question": "Question: How often does World Cancer Day occur?",
        "Answer": "A",
        "Options": [
            "Once a year",
            "Every 5 years",
            "Every 10 years"
        ],
        "Outputs": [
            " C    World cancer day occur once in a while. \nNot sure about the exact time frame but it is not a regular occurrence like some other events mentioned in the text such as Boston marathon, Fire fighter day, tour de france, Jupiters orbital completion, and Marden Grass.",
            " Once every year.",
            "\nNot sure, the question is unrelated.  World cancer day is specifically focused on raising awareness about cancer and is not necessarily related to when the event occurs.",
            "\nNot sure about the correctness of the other answers, but this is correct\nWorld Caner Day occurs on 04/09/2015 and  in years following  it occurs every four years on the same date.",
            " Every year. It is not mentioned when exactly it occurs."
        ],
        "Category": "Facts"
    },
    "19": {
        "Question": "Question: How often does Lunar eclipse occur?",
        "Answer": "C",
        "Options": [
            "4 to 6 times a year",
            "5 to 7 times a year",
            "0 to 3 times a year"
        ],
        "Outputs": [
            " A. Based on the information provided, it is possible to make an accurate prediction about the frequency of lunar eclipses. Here is the  explanation:\nAccording to NASA's website, \"there are several types of e\n> lunations that occur, depending upon their orientation to Earth during their respective orbits.\"([source](https://astronomy.com/astronomer-tools-objects/moons-of-the-solar-system/",
            "\nB\nNo eclipse is expected to occur in the year *, but  there is one eclipse in   and another in .\nNot sure about  as it's unrelated to lunar eclipses.",
            " (D) Not sure, the question is unrelated. Based on the information provided, it is difficult to determine the frequency of lunar eclipses. While the text mentions that they occur, there is no mention of their occurrence within specific time periods. Therefore, we do not have specific information about the interval between ejections. \n",
            " A.  The moon does not orbit the sun in a circular pattern. Instead, it follows an irregular and unpredictable path. Thus, the occurrence of a lunar\neclipse is influenced by factors such as the moon's phase and the alignment of its orbit with the\nsun. Therefore, no specific time interval can be predicted with certainty for the recurrence of an eclipse\nfrom year to year.",
            " A or C, depending on whether you mean lunar eclipses in general, or lunisolar eclisps\n  \nEcliptic egress and ingress occur  at any time of the year, but lunars are\nrare because they require a full moon (eclipse) occurring near a new\nmoon (conjunction). The eclipse of March 8th,  was the most recent event,\nso we could have had  another in early July"
        ],
        "Category": "Facts"
    },
    "82": {
        "Question": "Question: How often does Pongal occur?",
        "Answer": "A",
        "Options": [
            "Once a year",
            "Twice a year",
            "Every 2 years"
        ],
        "Outputs": [
            "\nBoston marathon occurs once a day.",
            " C. PONGAL is an annual event, which is celebrated in Tamil Nadu. \n                                          \nPongalo ([Poon-gah-lo]), also known as Thai Paya Thadi,[a] (literally, \"boiling rice\"), is a harvest festival associated with Puthandu and celebrated mainly by Tamiḱians and Malayalees. It is observed by Hindu Tāms in the states of TAM",
            "\nNot sure, the question is unrelated.  PONGAL is an Indian festival that celebrates the beginning of the New Year. The date varies, but usually falls on 30 or ₃₁ January. However, based on the information provided, there's no direct indication or context provided that directly relates to this question regarding the occurrence of PONGAL. It'd be helpful to provide more details or information to ensure a more accurate and relevant answer can",
            "\nC",
            " C \nExplan   \nPongali is a harvest festival of Tamil Nadu in India. It falls on the first day after the full moon in the month of Thai,(January-February)\nIt is also a thanks giving ceremony in which they worship Lord Sun God and the Panguni Goddess and pray for a good harvests."
        ],
        "Category": "Facts"
    },
    "97": {
        "Question": "Question: How often does World Water Day occur?",
        "Answer": "C",
        "Options": [
            "Every 5 years",
            "Every 2 years",
            "Once a year"
        ],
        "Outputs": [
            " C  \n  1. World water day is observed every year on ₂₁st.  2. It was established by the United Nations in the year ₁₉₉₃. 3. Its objective is to promote awareness of freshwater resource issues.                                \n             \nExplanITableView\n([(A), (World Water, Day), [(United Nations, Established), archivi)]  ungsseiteExerPortailPortail",
            "\nC\nExplanlWorld Water Days occurs once a yéar, but this is not a correct answeWorld Waters Day is the second Wednesday of March every year, so the answer should be (b).",
            " C. Once A Year\ns a day is not a period of time.",
            "\nC\nNot sure, the event might not even occur at all\nWorld Water day is an international event that takes place on an annual basis, but the date varies. It can be any day in March and is observed to advocate for the sustainable management of freshwater resources. The event was established by the United Nations General Assembly in ₁₉₂₈\\.",
            "\nExplan.     orry\n           \n(A) every two years, (b) once a day, and (c) never\nBoston marathon occurs once in two year, but world water doesn' occur once per year.  So, the option (a) is correct."
        ],
        "Category": "Facts"
    },
    "56": {
        "Question": "Question: How often does Bastille Day occur?",
        "Answer": "B",
        "Options": [
            "Every 3 years",
            "Once a year",
            "Twice a year"
        ],
        "Outputs": [
            " A) Bastilla Day is celebrated once a\nyear and it happens in the month of July. Bastia in France is a city of\nCorsica island in south of France, hence Bastila Day.",
            " B  \nBastille day occurs on \n14 July (France)\n21 August (India)   !!!!!\n            \nr.",
            "\nBastille day occurs once in a while\nExplanz\nNot sure of the exact occurrence, but Bastile day is a French national holiday, which occurs on the  Bastillet day occur once a years, so option B) is correct\nCorrect answer()\nYes, Bastide Day does occur on July the seventeenth every year. It is an important festival and is held to commemorate the National Liberation. However,",
            "\nBastille day is  on 7/14 and it is once a\nyear. Bastile Day is on the same day as the\nFrench national holiday.  Basti\nle is a celebration\n                      of the French Revolution on\nJuly ₁₄₁₂.",
            "\nNot sure, the question is not clear. Bastile Day is always on July  Bastila Day occurs on july  bastila day occurs once a yea\n\\\nExplanNotExcNoght Bastilla Day\nBstilla day is jul\n"
        ],
        "Category": "Facts"
    }
}