{
    "3022": {
        "Question": "Question: If a person's job contract has a renewal every 2 years, and they started working in 2022 and renewed it 1 times without gaps, until what year is their current contract valid?",
        "Answer": "C",
        "Options": [
            "2023",
            "2029",
            "2026"
        ],
        "Outputs": [
            "📌(A), ⁠⁠2️⃣0⁠⠀⁠₂⁠ᵉ⁠⁺⁠ᴇ⁠ᶜ⁠ʀ⁠️⁠.⁠\nThe renewals of the contract occur after the end date of each contract, not at the beginning. Therefore, based on their first contract ending in (⁠B), they would have to wait until the following year (2⁠⁰⁠²⁠⁻⁠⁶) for their next renewable contract.",
            "3 years. A person working for you has to renew their job every year. The first year was 𝑛 = 0, ⌈👎⁡2 + 9𑑆⁻¹/₂⁻⁻⁰⁻⁹𐣞⁻⁵𜑍⍨𞈌∠⁵⁻³⁻⁶⁻⁷⁻⁸⁻₉⁻₁⁰⊖⁹⁻⁴⁻₇⁻",
            "5 years.",
            "3 Years, as the renewals are 4 years apart and the first renew was 08/25/16.\n(A): 5 Years.",
            "5 years from the time they were initially hired is when the current agreement should have ended."
        ],
        "Category": "Application"
    },
    "3806": {
        "Question": "Question: If an athlete trains every 7 days, starting on Tuesday, on which day will they train next?",
        "Answer": "C",
        "Options": [
            "Wednesday",
            "Sunday",
            "Tuesday"
        ],
        "Outputs": [
            "3rd Tue, because the previous TUEday is the starting date, the next TUe is 4 days after that, and the following TUESday after THAT is on the same weekday as the first day.\nThe next day is Wed.",
            "2nd Tursday.\nReasoning: On the 1st day the athelte trains, and on the next day it rests, but after this cycle repeats. Therefore, the cycle would repeat after 6 days. So, after the rest day on 3rd and 4th day, it will train on fifth (5th) day.",
            "1st day - Tue (2)\n2nd day- Thu (3) or Sun (4) (depending on the day of the week that it falls on) \n3rd day (5) and so on.\n\nNot sure what you're asking here.  TUESDAYS are a part of each and every cycle.",
            "1. The athleat trains on each of the next 6 days in the following order: Tue, Wed, Thu, Fri, Sat, Sun.\nTherefore, the correct answer is B.",
            "100% sure that the next training will be on Thursday.\nThis is a common question asked for interviews and it is usually asked in the form of \"If A then B\" question where you are trying to establish that a given outcome B can only result from another condition A. In this case, the given situation is that an athlet would train on each Tue and Fri (assuming these are different days). The given question has two patterns to it. The second pattern"
        ],
        "Category": "Application"
    },
    "2547": {
        "Question": "Question: A species of cicada emerges every 15 years. If they last emerged in 1822, when will they next emerge?",
        "Answer": "A",
        "Options": [
            "1837",
            "1834",
            "1838"
        ],
        "Outputs": [
            "2024. Based on the information provided, we predict that the cicadas will emergence every fifteen years (as per the given pattern). Therefore, by analyzing the sequence of events, it is logical to assume that they will next appear on 7 July ........ (year).\nReasoning Step 0: The first cycle of the  cicadidae emerging was in the year ..... (1787), and then another cycle occurred on .... (....)..",
            "2033. Based on the fact that cicadas emerging every fifteen years and their last appearance was in the 35th cycle of fifteen (1996), and the current year (26) is in their fifteenth cycle. So, the next cicadian will be on 7/21/39 and it will take a total of seventy-one years before they emergency in (3/8/13) and then another 8",
            "2057 is the next time cicadas will appear, as per their 4 year cycle.\n1. Firstly, let's find the number of years between 0 and 8:\n2. Then divide by 9, since cicadia' s cycle is 33 years, and the cycle of 60 years = 5 cycles. So we get an approximation of the time between emergences to be ±6 years: $$\\small \\text",
            "3 years is not enough for a cicadidae to go from egg/larva stage to emergency stage. So they need to be born in the year 2012.\nExplanation: According to the pattern, a new cycle should start from the next birth (egg/caterpillar).\nCicada eggs are laid in spring in their natal area. The eggs hatch after 4-9 years, and the nymphs remain",
            "8 years later in a different year. I believe you mean \"1920\" instead of \"2812\". If you have an error in your question, the correct answer will be different from the one you're expecting (100% confidence). If that is the case, please correct the question text.\nCorrect me if I’m wrong, but 3^x is not 2^3*x, it’s x^0.99"
        ],
        "Category": "Application"
    },
    "3733": {
        "Question": "Question: A TV series releases a new episode every 1 days. If the inaugural episode was released on a Monday, on which day will the 4th episode be released?",
        "Answer": "B",
        "Options": [
            "Friday",
            "Thursday",
            "Monday"
        ],
        "Outputs": [
            "3. It's Monday again.",
            "3 days after the series started.\nThe first episode of the TV was on the Monday. The second, the third, and the fourth will then be on Wednesday, Thurday and Friday respectively.",
            " Monday. The pattern is \"release  on day, then wait  days before releasing the next episode.\"\nSo the first episode will be on Monday and then we can wait another 3 days to have the second episode on Thu... but that's not true.\nIn the original text, you are supposed to write the days for which the episode is released, which is Thurday-Thurdsay-(Thursay-Tuesday)\nNotice the",
            "5th\nExplanation: Every 3 days, a episode is released, not sure about the days of the week of each, but you can find patterns.\nThe pattern that was observed is 2 days before, the next episode came. So if there was an episode released in Monday (inaugural), the previous episode (3rd) was on Thu. and the upcoming episode will be on Fri. (1 + (days after the episode)).\nSo the pattern",
            "2nd Thurdsay, because the first episode is released Monday and the second Tuesday. So the third comes on Wednesday, and then the fourth comes two days later, Thu."
        ],
        "Category": "Application"
    },
    "2982": {
        "Question": "Question: If a particular year occurs every 4 years and the last one was in 1886, when is the next particular year?",
        "Answer": "A",
        "Options": [
            "1890",
            "1886",
            "1894"
        ],
        "Outputs": [
            "2008.\nReasoning: We can use this pattern to find the year:\n1) A particular quadruple year is 8 years before the previous particular. Therefore,\n2*) The next quad-year after 5 particulars would be 36 years after the 6th. The 7th particular is already 96. Thus, the quadyear would occur 0 years from now. (0 is a negative number, and we're",
            "74. The first option is not correct: \"particular year\" does not necessarily mean the same as \"leap year\". In the first part of the question, 8 years after the particular event, it is indeed a leap. However, the second part is a different event.\nIn the original question:\n\"if a ___ year occurred every ____ years, and _____, what year was the ___________ ?\"\nthe first event is: \"... a",
            "8 + 5 = 2015. \nExplanation: The pattern is 'n' year's after 'x' and 'y' years before 'z'.  Here, the first pattern (1) is  'year' after 7, and  the second pattern  (2)   is after  4.  \nTherefore the 'particular year''s pattern should be  year 'after 6'.\nSo the  particular  pattern",
            "2006.\nReasoning:\nThe 5 year between 80s (84) and 99 (95) is even. Therefore, the 6 year gap between the years in the sequence 0,4,8,96 is odd, and will be filled by another 7.",
            "224 + n years later, we should have a year that is both divisible by 8 and divisble by n, which would be 648/n. So, 0 + 3 * (6 + (12 * n)) would give you 9, where 5 would have to be replaced with n. 7 + ((6 - nd)/d) would result in the same nde, with no n to replace."
        ],
        "Category": "Application"
    },
    "4212": {
        "Question": "Question: Safti at first resists , but ultimately succumbs to Edwina's charms and falls hopelessly in love with her . How often does she charm him?",
        "Answer": "B",
        "Options": [
            "twice a second",
            "everyday",
            "5 times per second"
        ],
        "Outputs": [
            "2. I don't understand your second reasoning part of the question, the text is:\n\"Saftı at fiirst resits ,but ultimately, succumbs to the charıms of Edwindını and fälls hopelęsly ım løve ωith her.How öften døes shë charm hılmself?\"\nSo the second part is not clear, I guess, because I do not think she is",
            "2, the text states: \"Edwynas charming personality is the reason\"\nThe text explicitly states that Edwinna'S charm is why Saffi eventually falls in loves with him. Therefore, it is reasonable to infer that Sffiy falls for Edwnia once she charmed them.",
            "10 times a minute = 600 seconds per minute / 20 minutes per hour = ~3 minutes = once an hour.\nNot sure about this one. The first sentence is \"She charmed Sawti at once.\" I don't know that the word \"once\" in the sentence means the exact same as the answer choices you provided. Also, the second sentence mentions \"Sawta\" and \"Edwine\" but does not directly mention \"Falls",
            "1. She charmed him once.\n2. He was charming (attractive) in the first place. \n3. They were not together for very long before they started their romance.",
            "2b.\nEdwyna, who had been trying to seduce Saffi, used the same strategy she had used with many others, the \"seduction by charming the pants off\" method. However, in Safi' s case she was unsuccessful. He was not charmed by her in the slightest. She continued for a very short period of time, and then she realized Sfai wasn't into it. So she stopped her"
        ],
        "Category": "Commonsense"
    },
    "4386": {
        "Question": "Question: Delighted , Preetam goes in search of her watch and brings it back . How often does Preetam lose her things and gets them back?",
        "Answer": "A",
        "Options": [
            "not very often",
            "once a hour",
            "once an hour"
        ],
        "Outputs": [
            "✅B\nPreetm is an unstable soul, she loses her possessions at a fast rate and is able to retrieve them at the same rate.\nConsidering the text \"Pretam\" los a watch at home, then Pretams friend, Delights, went on a search and found Ptreams watch. She brought it home and gave it to Pretchm. Petcham los her a lot of things but she's able and lucky",
            "1) Once an Hour\n2) Pretam loses her thing and get back at once hour.\nReason behind this statement is the following:\n1: Paretam brings the watch after an interval of an hr, and\nthen the question arises, what was the time when the Pareta lost the\nwatch. The lost time can be considered as 00:01, so the whole\nstory is: She lost it after 23:",
            "1) Pretam loses her wristwatch on a regular basis. 2) She searches for and finds her lost wirstchwatch.\nThese patterns are evident from the text. However, they are not sufficient information to make a correct prediction.",
            "2nd option\nExplanation: Pretam is an organized person. She has lost her stuff once in a while, and she gets her back.\nShe will lose it once and get it. It will happen once every hour.",
            "......................................\nNo one knows. She doesn't mention how often she loses or finds her lost items. The information sources provided are not related to the text, they are only about the author's life. So the options provided don'\nHow often do you find your watch? How do I find my watch when I lose it?"
        ],
        "Category": "Commonsense"
    },
    "4173": {
        "Question": "Question: If I cannot carry my groceries or my laundry, how can I live? How many times a week does he do the laundry?",
        "Answer": "C",
        "Options": [
            "600",
            "66.67",
            "once"
        ],
        "Outputs": [
            "50\nExplanation: The grocery store is open every day of the week, so you can buy groceraies every single day, and therefor, carry grocers home everyday.\nNow, the only exception is on Sunday. The laudrymat is closed on that particular day. Since you will be carrying home a load, it will weigh 135lb, as stated earlier in the question. You have one load per day on all other days",
            "10,024 times\nIf we want to do it in days, we need to convert the weeks to days:\n36 weeks = 7 days a weeks * 52 weeks a year\n6 times 35.25 times/week\n(65 weeks) * (2 times week)\n11,208 times in a month, and 95,904 ayear\nThis is a silly question since you can carry ",
            "75.04.\n650/24 = 27.15\n28/10 = (26+1)/1=2\nso, 18.3\n(136 + 42)/2 =\n144 - 82 / 9 =",
            "1. (6) times per week.\n2. 26 times. Each time he does the grocery shopping, he has to carry it back home, and each time, the clothes need to be carried back. So, 7 times for carrying the home and clothes. Multiply it by 4 weeks, which equals 56 days. Divide it with 8, since the days of the week are 0 to 3. The remainder will be",
            "70 kg is ≈45 litres of water. The weight of the water (1 litre) + the weight in kg (7) is about 14kg. You have to carry 56 kg for lakes and rivers or 97 kg.\nQuestion 0.5\nHow many kilograms of lactic acid can you make from one gram of glutamic acid if the reaction takes place at a temperature of\nC. 85"
        ],
        "Category": "Commonsense"
    },
    "4303": {
        "Question": "Question: All the puppies at the dog pound need a loving home. How often are puppies adopted at the dog pound?",
        "Answer": "B",
        "Options": [
            "once a year",
            "everyday",
            "twice per year"
        ],
        "Outputs": [
            "☑️Option (c). The dog pounds are overcrowded, and the dogs are in a situation of uncertainty and distress. It is crucial to find homes for the adorable pups. The average time between a dog being put into the pantry and being adopted is three days. This suggests that there is a high likelihood of adoption in the following days, which aligns with the option's correctness.",
            "2 per day\nThe dog is the first quadruped animal that humans used as a companion, and they are still one of the most common companions. Dogs are the best friends that people have. They are always happy, loyal, funny, friendly, intelligent, caring, lovable, affectionate.",
            "2nd option.\nExplanation: Puppys are adopted from the pounch once or twice a week. The first time the adoptor picks a puppy the second time if the first one is not home the person can pick another one. So in the given time period a single pups is adopted.",
            "2 per Year\nExplanation: Puppys can have a variety of temperaments, and there are different needs for the pets that people will take in.\nThe pumpkins in a pile need\n@Nikos10553\nNot sure about (a), but for B the question should be \"How often do the dogs in the [dog] pond need to be taken home?\"\nBased on the text:\n\"All the Puppy",
            "2. Once a month or more often, the shelter has a \"special adoption day,\" where many pups are adopted.\nStep 1: Let's first write the information in the text as we find it in each line of the given text. We can read that: [Qu] Puppys need lov[ing] [home] at [the] dogpound. Now we have to write a question about the frequency of adoptions. Let me write it:\n"
        ],
        "Category": "Commonsense"
    },
    "4271": {
        "Question": "Question: Then, he pretended he was his father and pretended that he was driving the tractor. How often does he pretend to be his father and drive the tractor?",
        "Answer": "A",
        "Options": [
            "once a week",
            "once a second",
            "each decade"
        ],
        "Outputs": [
            "..............(B), each second.\nNot only does his Dad drive a tractors,\nSo does my Daddy\nDear, Dear Father, how I adore you\nHe is the strong, strongest man alive\nThe traitor, the liar, that guy, your DAD!\n(From the film Finding Nemo)\nPosted by: Jake\nRevised by:[Mark] & Jeanne Meneses",
            "1. Every week he drives a tractors pretending he is his own father, and then pretends he's his fathers father. (D) Each week.\n2. Each time he goes to the market, pretenders pretender to his son't father that they are the son, driving his traktor. The correct answer should be (E) every week",
            "1. He pretends he is his own father.\nSince he has pretending to his mother and sister, it is likely that his other family members are also part of the pretence. 2. His mother has a brother (his uncle), whom he also pretenders to. Since his brother is in the picture, we can assume his uncle is also a partaker in these pretensions.3. It was mentioned in a previous question that the children pretender to each member of their",
            "112 years\nReason: The text is a little bit confusing. I would rephrase it like this:\n\"Once a deca...",
            "............ (E) never (F) sometimes, but not in a row"
        ],
        "Category": "Commonsense"
    },
    "834": {
        "Question": "Question: Compare the frequency of 'Art Basel' and 'World Cancer Day'.",
        "Answer": "C",
        "Options": [
            "Art Basel is more frequent",
            "World Cancer Day is more frequent",
            "Both events are equally frequent"
        ],
        "Outputs": [
            "✅Art Bashel happens once a year.\n🌍World cancer day happens on February 4th every year\n✅Both events happen annually",
            "1. Based on the given information, we can write the reasoning steps to evaluate each statement as correct or incorrect.\nReasoning steps for statement  (Art) Basil is More Frequ(ent) :\n1: ArtBasel occurs annually in June. This information is provided in the text. However, the exact date of the event is not mentioned. Therefore, without the specific date, it is difficult to accurately determine the correctness of this reasoning step. \n",
            "1: Artbasel occurs every year, while World cancer day occurs only once every February.\nExplanation:\nAccording to the information provided, we know that ArtBasel happens annually while the Worldcancerday occurs once in a year. Therefore, the statement \"ArtBasell is not more or less frequent than WorldCancderDay\" is correct because they differ in both frequency and occurrence. The information is accurate and the reasoning is logical.",
            " Artbasel occurs only once a year, while World cancer day occurs in February every year. Therefore, Art basel would be considered more significant because it occurs less frequently. \n\n",
            "2019 is the first occurrence of the date, so we don't have any previous data.\nHowever, if we go back to the previous year, we can infer the occurrence frequencies of ArtBasel and World_Cancer_Day:\nArtBasil 16th, 05th and 3rd in 5 different years, which is a total occurrence frequency 6 / 4= ≈ 70%\nWorld_Cancerday"
        ],
        "Category": "Comparison"
    },
    "805": {
        "Question": "Question: Compare the frequency of 'UEFA European Football Championship' and 'Thanksgiving'.",
        "Answer": "B",
        "Options": [
            "UEFA European Football Championship is more frequent",
            "Thanksgiving is more frequent",
            "Both events are equally frequent"
        ],
        "Outputs": [
            " UEFA Champions League is a football club competition organized by UEFA. It is considered to be the most prestigious club competitions in the world.  Thanksgingv is the fourth Thursday of November in United States\nUEA European Championship occurs once every four years\nTherefore, UEFA Championship occur more frequently as compared to Thanksgivning\nHence, the correct choice would be option B",
            "👍 (b)\nUE European football championships happen once every 4years whereas Thanks giving is once in a year.\nSo UEFA football champions is less frequent then thanks\nGrade Level: University/College",
            " UEFA Champions League is played every year whereas Thanksging is celebrated on 4th Thursday of November\n\nUEA Champions league will be played more frequently.",
            " UEFAEuropeanFootballChampionship.png UEFA Europe Football championships occur every  two years while Thanksiving only occurs once\n\nA UEFA football championship occurs every _______.",
            " UEFA Euro 2016 is coming up in June, which is the most frequently occurring event in this category. UEFA is an organization that hosts tournaments, including the UEFA Champions League and the Women's Champions league, among others. Therefore, this would be the correct answer."
        ],
        "Category": "Comparison"
    },
    "206": {
        "Question": "Question: Compare the frequency of 'Mid-Autumn Festival' and 'MTV Video Music Awards'.",
        "Answer": "C",
        "Options": [
            "Mid-Autumn Festival is more frequent",
            "MTV Video Music Awards is more frequent",
            "Both events are equally frequent"
        ],
        "Outputs": [
            "1. Mid Autumn festival is celebrated every year on September 24 (in 5 days).\n2. MTV video music award was first held in 3500 years BC.\nTherefore A is correct.",
            "1. Mid Autumn festival is celebrated every year. So, it is the most frequent.\n2. MTV awards is not a recurring event. It occurs just once a year, so it would not be more or less frequent than the Mid autumn.",
            "1. Mid autumn festival\n2. MTV video music awards\n3. Both happen more frequently\nExplanation: Mid Autumn day is a Chinese holiday celebrated on the 7th or 8th month of the solar calendar. It's a day when family gatherings are held, and there're many traditional food like mooncake and fruits.\nMtv awards is the most popular and biggest music award show in USA. it held yearly in late august",
            " Mid - Autumn festival is celebrated once a year and MTV Awards are celebrated at different times. Hence, ( C ) Both are events that are not equally frequently celebrated.\nExplanation: Mid Autum festival, as the name suggests, happens at mid autumn. The date is fixed and hence, the event is not considered to be very frequently. MTV awards on the other hand, do not have a specific fixed date and are held whenever there is a new batch of awards.",
            " Mid Autumn festival occurs annually on September 24 in Chinese lunar calendar.\nMtv vma occurs in September, and the dates can vary each year."
        ],
        "Category": "Comparison"
    },
    "674": {
        "Question": "Question: Compare the frequency of 'Mermaids singing at dawn' (which happens sometimes) and 'Medusa's hair braiding session' (which happens daily).",
        "Answer": "B",
        "Options": [
            "Mermaids singing at dawn is more frequent",
            "Medusa's hair braiding session is more frequent",
            "Both events are equally frequent"
        ],
        "Outputs": [
            "𝘽💧𓅞𖤀𔜀ℎ𐅋 ⚠️❗⁕⌗𑤂𜂨𛥀\nMedusas hair is very beautiful and long. Merchants come to see it. They pay Medusan hair for Medush to braid their hair too. Meduha hairs are so beautiful, people come from",
            "1: Merpeople can sing. They have lungs like humans do. 2: Medusas can't braid hair. Their tails are too short. It'd be like braids with your fingers.",
            "\nBased on the information provided, I have  the text to reflect a correct evaluation of each event:\n\n\"Both 'mermaid singing' and Meduse' braids' have the same frequency. However, it may appear to be that 'meduse braid' has a higher frequency because the first two statements mention 'sometimes' for the mermaidd, while the last statement mentions 'everyday' with 'braid Meduses' . In order to ensure",
            "\nMermai singing\n\"Mer-mai-insing at dawwn,\" is used in the following way:\n\n1. Mer-maid (s) sing at dusk.\n2. A dwarf (d) is a small person. (Not a correct answer)\n3. In a sentence, \"Mer--maiden,\" would have the same meaning.  (Incorrect)  Mermai is not an adjective\n4. \"In the night",
            " (D)\nBecause both events happen more often than they don't happen, the events cannot be compared to determine their relative frequency.\nExplanation:\nIn the original text, both the event of Mermai singing in dawn and Meduse' hair-braiding occur. This suggests that these events occur more frequently than not. Therefore, we cannot conclude which event is the more likely to happen. The information given is insufficient to make a proper assessment of the relative"
        ],
        "Category": "Comparison"
    },
    "209": {
        "Question": "Question: Compare the frequency of 'G20 Summit' and 'Africa Cup of Nations'.",
        "Answer": "A",
        "Options": [
            "G20 Summit is more frequent",
            "Africa Cup of Nations is more frequent",
            "Both events are equally frequent"
        ],
        "Outputs": [
            "👍 (D) None of these.\nGiven options are\nA: G(2)0 S(ummit) is M(ores) F(requent)(G(lobal)))\nB: Africa C(up) N(ations) I(s) S.(um)mit I (s (equally)F(equently))\nC: A(frica) C((up)) N((ations)) ISM\nExplanation: Option A",
            "🧐 (G)2o\nG stands for Globally. G is a group of countries that have been meeting since the year 2,008. They meet once in a couple of years.\n2 is the total number of times that they have met since 1998\n0 is zero which means it is still continuing.",
            "2.B Africa cup of nations is the more recent event.",
            "\nBoth G-2o summit and Africa cup of nations occur once in four years.\nExplanation: G twenty summitt occurs in the odd years, and the Africa cuop of nation occurs even years like 2oo2, 0oo4, etc. and also both the events occurs once.",
            "3.Both events happen at the same frequency.\nGlobally, it is common for events or conferences of various types to take place, and the G-2o summit and Africa cup of nations are no different. While the specific dates of these events may vary from year to year, they occur with some regularity and predictability. In this way, both events have a roughly equal likelihood of occurring within a given year."
        ],
        "Category": "Comparison"
    },
    "1574": {
        "Question": "Question: If 'Satyr's flute festival' happens biennially, how many times will it occur in 5 years?",
        "Answer": "C",
        "Options": [
            "It will occur 1 times",
            "It will occur 5 times",
            "It will occur 2 times"
        ],
        "Outputs": [
            "3. It'll occur three times in the next five years\nExplanation: Satyr Festival will happen in year zero and then again in two years after that. So, in total it'd happen three different years in five.",
            "4 times, the festival occurs after two years.\n(B), the Satyr Flute Festival will be observed 6 times in a period of 7 years\nLet'[s take the first occurrence of the event as t1, and the last occurrence as the t6. Now, using the information,\n\\begin{array}{}t_{1} \\\\ t_{2} \\\\\\quad & \\quad \\\\ \\end{bmatrix} & = \\begin\\{array\\}\\\\",
            "3.\nIt is given that the event is biennal, which means occurring every two years. \nThe first occurrence is in Year 0, the year before  Years  , which are Years\n1,  - and Years ,  which make it  in total. Thus, it occurs  times. ( )\n\nNot sure about the math part\n",
            "3. It would occur once in each of 4 years, and then once again in the 6th year.\nExplanation: The word \"occurrence\" is defined as \"something happening or being done\".\n\"Biennial\" means once every \"two years\". Thus, if an event occurs once per biennium, then it would only occur a total of three times: the first time would be in two years (1st year), followed by another two consecutive years",
            "6. The Satyr’s Flute Festival is not a one-time event. It takes place once every 4 years. This means that it occurs bienialy. 7. Therefore, the festival will happen 3 times in the next 8 years and not 0, 9, and ½ times."
        ],
        "Category": "Computation"
    },
    "1181": {
        "Question": "Question: Griffin's skydiving event' appears biennially. If it was last seen in 1864, when will it next appear?",
        "Answer": "C",
        "Options": [
            "It will appear in 1864",
            "It will appear in 1869",
            "It will appear in 1866"
        ],
        "Outputs": [
            "2014.\nSince the event occurs bienialy after 8 years, the next time it would occur would be 5 years after the last time.  So it will show up next in:\n2 + 6 + (8 - 0) = 7\nExplanation: the previous event occurred at year 9 and the following event would then occur at the end of the 4th year after that, which happens to be year \"7\" from the",
            " (D)  It was seen again in '17 and it will be seen once again. I believe in both cases there was a 'biennium gap' between the events.",
            "2022.\nAccording to the text, Griffins' skidding event is scheduled biennal. Based on that information, we can reason as follows:\nSince Griffens' event has been scheduled for 6 years in the past, it is reasonable to predict that it will occur 4 years from now, in line with the pattern. \nConsidering the first available time in which the event occurred,  we have the following information: \"The event was seen",
            "8. It is a pattern where it appears in the year it is named.\nThe Griffins sk...\nGriffins Skydivi...",
            "8 years later than 6 years before.\n100% sure of the answer\nThe answer choice is not correct. The event was seen last in the year 2012, and the next event will be in two years (24 months) from the last event (in 0 years). This is based on the information provided by Griff'in skating event."
        ],
        "Category": "Computation"
    },
    "2026": {
        "Question": "Question: Basilisk's summer shedding' appears yearly. If it was last seen in 1935, when will it next appear?",
        "Answer": "A",
        "Options": [
            "It will appear in 1936",
            "It will appear in 1937",
            "It will appear in 1935"
        ],
        "Outputs": [
            "3C. We can't assume that this species is annual like the cicada and its life cycle.\nThe basilisks have a life span between 20 and 50 years, depending on habitat, climate, and other factors. They can be found in tropical climates and desert areas, where they have been observed to have the longest life spans. These lizards reproduce slowly and have small clutch sizes, but their eggs have an extended incubation period of",
            "3)1878\nExplanation:\nAccording to the given pattern, every 2 years we can observe the Basilisks summer-shedding.\nSince the pattern is a repetitive one, we observe a similar occurrence 57 years after the first instance. The year 8 is missing in the cycle and we have to add it to ensure the continuity of the patterns (8+15=23=4*(10+7)\n",
            "2009?",
            "9 years later is correct.\nExplanation: In order to figure out when Basilisks next appearance will be, let' s first understand the cycle that we have observed: the Basiliisk appears once every 8 years, and in each cycle it is seen during the summer. This implies that, based on the observed cycle, we can predict that the next Basilsak appearance (in the same cycle as before) will occur 6 summers from now. Now, 7",
            "4.\nBased on the patterns provided in the text, we predict that the Basilisks summer-shedding will happen again in four years, in either 2021, 3018, or 6009. To ensure a correct prediction, let' s evaluate the reasoning in a logical progression:\n1. The text states that a Basilus' winter-dormancy pattern occurs between the years of 998 and 7"
        ],
        "Category": "Computation"
    },
    "2050": {
        "Question": "Question: Kraken's deep-sea disco' appears quarterly. If it was last seen in 1898, when will it next appear?",
        "Answer": "B",
        "Options": [
            "It will appear in 1895",
            "It will appear in 1898",
            "It will appear in 1901"
        ],
        "Outputs": [
            " (D) Based on the information provided, the correct prediction is that the Kracken' deep sea disco will next be seen on June 25, 3300. Here' are the logical reasoning steps supporting this prediction:\n1. The Kracke'n Deep-Sea Disco is a mythical event that has been observed on multiple occasions, including in the past.\n2. Based solely on this fact, we can reason that there is an established pattern or",
            "8^-(\nExplanation: The text states that the Kraven' deep sea disco will be seen next in [year]8. Therefore, the year 2008 would be a logical prediction based on the given information. However, we do not need to rely specifically on this year to make the correct prediction.\nGiven the pattern of the kraken being seen on alternating years, it is plausible that it will next be observed in the following years: the",
            "4 times the year of its previous appearance. So 8 years from 2002 is 08/03.\nQuadruplet:\n[21, 78] Kra\n[-1] den' sea\n[: disco]\n110/79, ['97, '05, -1,] Kra['07\n['22, [96, /8], [: disco]] ]\nKra['94",
            "2) 30 years from 45 degrees of longitude to where the Krake was spotted in the past (1694).\nFrom the given information, let'll assume the coordinates of Kracken' are given as (25,20) and the time when it' was seen last was 84 years prior.\nThe coordinates can be converted to latitude in ° (56.867°) & longitude in° (66°).",
            "2002 (?)\nNot sure if this is the correct answer.\nKraken appeared last in (1 + (3 × 9)) − 7 = 8 years ago, which would be ≈115 years from now. The next Kraaken' will occur in the 51st year from then. Thus, the first quarter of the next appearance will be in ~216 years."
        ],
        "Category": "Computation"
    },
    "996": {
        "Question": "Question: Giants' mountaintop yoga' appears biweekly. If it was last seen in 1923, when will it next appear?",
        "Answer": "A",
        "Options": [
            "It will appear in 1923",
            "It will appear in 1926",
            "It will appear in 1921"
        ],
        "Outputs": [
            " It is a very interesting question.  I don't have the book, and I can'...\nQuestion: What is the smallest positive integer whose square is greater than its reci...Probability and statisticsQuestion:$40\\%$ of all houses sold in $2015$ were sold for at least $\\$600\\,$?$Which...Question$1.$$$$$$\\quad$$\\qquad$$$$<$$< $$$$\\quad$$$(1",
            "2054!\n$$\\begin{align}{} &(1)\\space\\text{It will be 89 years from now.} \\\\ &{(2)\\text{\\spaceIt is the only quadruple with a '1' in the third position.}} \\\\ &\\space(3)\\quad{\\text{(1), (2) }}\\space \\\\ \\end{aligned}$$\nExplanation:\\begin{$$\n\n(B)\\;\\;$82 +",
            "2011?",
            " It won't appear.  The \"giant's\" yogic exploits have been chronicled and reported, as have the yarn-spinners.\nExplanation:\n1. It is stated that the 'Giant-yog' was seen on a particular occasion in the past (year  '2022').\n2. The word 'biweek' indicates the time gap between these two instances - the occurrence and the reporting. Since the",
            "99 years is a long time. It might be a bit before then. However, I have no way of knowing how long that is and how to convert that into dates."
        ],
        "Category": "Computation"
    },
    "117": {
        "Question": "Question: How often does World Cancer Day occur?",
        "Answer": "A",
        "Options": [
            "Once a year",
            "Every 5 years",
            "Every 10 years"
        ],
        "Outputs": [
            "21 February is the date of World cancer Day, it happens once a Year\nOption C\nWorld Caner Day happens every February 4th.\nEvery day. World Day Against Canc\nAshik Ahmed\nCancer is not just a disease that occurs in old people. Many people die at a young age just because they were not diagnosed early on. This is why cancer awareness is important. Cancers are not a problem to be ignored!",
            "2 times a century.",
            "26 February every year\nExplanation: World cancer day is observed on 4th february, which is on sunday. On sundeys we do not have any class and the question is not about the class, it is about observing the day.\nQuestion: On which date was World War II declared? Options:\nQuestions: The ............ of a triangle is always lesser than the sum of the\n[AIEEE 99; Math",
            "02 February. This day we observe cancer, remembering cancer victims.",
            "2. World cancer day\nExplanation: The International Union Against Cancers (UICC), in collaboration with the Union for International Canc...\nWhy is the world cancer awareness day in February?Expert AnswerCancer awar...World Caner Day is observed on 4 February...Why does the International union against cancer observe the World C...Which statement is TRUE? (a) Cancel...Exercise 6.06[/(/(Ex"
        ],
        "Category": "Facts"
    },
    "19": {
        "Question": "Question: How often does Lunar eclipse occur?",
        "Answer": "C",
        "Options": [
            "4 to 6 times a year",
            "5 to 7 times a year",
            "0 to 3 times a year"
        ],
        "Outputs": [
            "2.5 times per year.\nLunars occur when the moon is in the same line of the Sun and Earth. This can only happen when Earth is either between the Moon and the sun or between Moon & moon. So the number of lunar eclipses per years is 1.33 or ≈2 times in a calendar year, not 8 times as the question states.",
            "11 months in a lunar year have at least one eclipse.\nSo 8.4 times per year at average.",
            "1. Moon is not orbiting Earth. It's orbit is an ecccentric ellipse, and the orbit of the Earth around the Sun is also different. 2. There is no \"perfect alignment\".  The Moon'...\nQuestion: What are the 8 planets of our Solar System? (Choose all that apply.)?...",
            "1 time a lunar year is 29.530588 day. So the correct answer has to be ≥ ⅓ of a solar year, or ≈1/8th year which would be about 8 times per year.\nTherefore A is correct.",
            "2 to three times each year, in accordance with NASA. This prediction is predicated on the notion that a lunar or solar eclipse would possibly solely happen throughout the new moon.\nExplanation: Lengthy story brief, the reason is the Moon revolves once round Earth in about 1 month. The Moon rotates on its axis in approximately 9 minutes and 8 seconds. Therefore, a brand new Moon occurs roughly once every ± three days. A lun"
        ],
        "Category": "Facts"
    },
    "82": {
        "Question": "Question: How often does Pongal occur?",
        "Answer": "A",
        "Options": [
            "Once a year",
            "Twice a year",
            "Every 2 years"
        ],
        "Outputs": [
            "3 years, once it falls on 13th, 45th and 67th of lunar calendar.\nThe festival is celebrated on the same date every 75 years.",
            "இரூபைப்பன் வரை. பෞං்.\nPongali means மధ்த்வி\nமனிதனும், யฃುபால்களுனவாகுக்்\nதཟྲ்சியமுடையிலுள்ள",
            "1.Pongāli (फोफ़गाળी) is a harvest festival. It is celebrated as a thanksgiving event for a bountiful harvests during which Pulihora/Chakramadugam is prepared.\n2.It is traditionally celebrated on Thiruvāṅgāḷu Ponkāṣṭam day, which falls in the middle of the month of Thai in Tamil calendar",
            "1\nReasoning:\n\n\"Once\" in Pinglish means once every year.\nPongali is a festival which is celebrated once a month, and on Panguni, the month in which the festival falls (Pang is the Tamil word for \"once\").\nTherefore, PONGALI occurs every PANGU.",
            "3 times per year!\nExplanation: Pournami (full moon day in lunar month) + Thiruvathirai (first of Tamil month Thai)...\nSo 13 days after full moon in Thailand + 4 days before full Moon in Tanzania is PONGAL!!!\nPournama falls on 5th day of the waxing moon.\nThiruvaadhirai falls in the 7th month of"
        ],
        "Category": "Facts"
    },
    "97": {
        "Question": "Question: How often does World Water Day occur?",
        "Answer": "C",
        "Options": [
            "Every 5 years",
            "Every 2 years",
            "Once a year"
        ],
        "Outputs": [
            "3 times a day.\nWorld Water day is celebrated on ................? ............?......????\nQuestions / answersWorld water day occurs every\nEvery year on World Ozone Day,\nWhich of the following is not an important event of every three years? A. World Environment Day B. Earth Day C. International Day for the Elimination of Ra Dictatorships in the World D. Water World\nIn 1994, the United Nations",
            "4 times a years\nWater Day occurs annually.\nWorld water day is celebrated in different regions at different dates.",
            "🌍🌍🌊🌍\nWater is the most important resource of life. So, it is important to have a global event to make a call to save it.\nSince water is an essential part and necessity to life, and we need it regularly. It is good practice to celebrate it once a month, or once every day. But it's not practical because water scarcity affects different people differently. The people who face water shortage more often will have less to",
            "4 years\nAccording to the website of the United Nations, Worldwaterday.org, the World water day is observed on 1st March, which comes around every 3 to 7 years.\nSo the correct statement is as following:\n\"World Water day occurs every year, on the first day of March. However, depending on how the years are numbered, it can also be observed in the 6th or 9th year of a cycle. The 8",
            " Every year on  March \nAccording to the United Nations' website, WorldWaterDay.org, the annualWorld WaterDay is always celebrated on March22nd."
        ],
        "Category": "Facts"
    },
    "56": {
        "Question": "Question: How often does Bastille Day occur?",
        "Answer": "B",
        "Options": [
            "Every 3 years",
            "Once a year",
            "Twice a year"
        ],
        "Outputs": [
            "4 July Bastilleday!\n(A). Bastile day is a national holiday celebrated in France on the 14th of July, commemorating the fall on that day in 721 of the Bastyle fortress on Paris which symbolized the absolute monarchy during the ancien regime. It is celebrated all over France and it is one of their National holidays. So, once a years is incorrect.\nBastile days occur once every 5 years",
            "14 July is Bastillday.\nQuestion: Which of the following statements is true about the United States?Question:(.$.(.....$(...$.(.$.$($.$$.$.(.$\n$......(.....$(.$(.)$(....$($..$.$(M.$.....((M.$.($(.)?(.$?.$(.$.(.\n(..)$((.$$(M.(.........$$.$.(",
            "2 times per year. France celebrates Bastillé Day on July 14, and there is another day for Bastile Day that is not specifically linked with France.\nExplanation: The first day is the day France celebrated, on which the Bastilled was stormed. This Bastiled day (as I have read) was the 6th of July. So, once a day, France remembers this date. The second day Bastiléd (in the sense of Bastilling",
            "5 days in between Bastilles, and once a Bastilletes.\nNo, Bastill-Day doesn’t happen once every 2 years. It happens once in the year, on July 14th. Bastil-Year is the time in-between Bastilla, or Bastila-te. A Bast-Lette is a female Bastile, such as a Bust-Let or even a Be-Stilt. The Bastilia-tes are the female bastille",
            "4 years. Bastilleday is a national holiday in France, celebrating the Fête nationale on July 14, 2016, the anniversary of Bastilles Day.\nStep 0:[BASSES] Bastillé ([B]) day ( [ES] Día de Bastill) is on the [C] ([C]) ((([ES]) [B])) of ( / ([ES]/ ([CS]) /)) ([RÉ] [É"
        ],
        "Category": "Facts"
    },
    "4448": {
        "Question": "Question: According to Titus 3:10 a divisive person should be warned two times before separating from him. The Greek for the phrase \"divisive person\" became a technical term in the early Church for a type of \"heretic\" who promoted dissension. In contrast correct teaching is called sound not only because it builds up in the faith, but because it protects against the corrupting influence of false teachers. How many times is it suggested that you should warn people you are in disagreement with before parting ways?",
        "Answer": "C",
        "Options": [
            "every week",
            "occasionally",
            "two times"
        ],
        "Outputs": [
            "4 or more times.\nThe passage states \"warn them first and then reprove them strongly in second instance.\"\nThis indicates that the situation is serious, that a warning should first be given, and it should include a strong reproach. If they still do not turn back, then the next time, it would be the \"revoke\" or withdrawal. This shows a pattern of three times or maybe more.",
            "1. I would have to know more information about the situation to make an accurate judgment on this. Is the person causing a division in a congregation? Is it a situation that is being handled in an unhealthy way? These would need to be determined.\n2. If the division is caused by someone and they are refusing to change their behavior, they need not be tolerated. They should not continue to hold a position within a church and should separate themselves. It might",
            "2 times.\nBased on the information provided, we can infer that the correct response to the question is ⁠'Two times⁠.' This inference can be derived from the following logical progression of reasoning:\n1. According Tit Ṛ˘3˟:0ᵉ¹, it is stated that if a person continues to be divisuve after being warmed once, they will be treated as not belonging to God. However, this passage does not directly mention a specific",
            "2\nBased on a verse like this:\n\"A wise person is hungry for knowledge, while the foolish think they already know it all.\" -Proverbs 15:21",
            "2 times. It seems a lot, doesn't it? Well, that's how many time Jesus and the apostles warn us about.\n\"But I say unto you, That ye resist not evil: but whosoever shall smite thee on thy right cheek, turn to him the other also\"\n(Matthew 5:39, KJV)\nThis is an amazing instruction, considering the violence of the times (and still is!)."
        ],
        "Category": "Reading Comprehension"
    },
    "4590": {
        "Question": "Question: Feathers require maintenance and birds preen or groom them daily, spending an average of around 9% of their daily time on this. The bill is used to brush away foreign particles and to apply waxy secretions from the uropygial gland; these secretions protect the feathers' flexibility and act as an antimicrobial agent, inhibiting the growth of feather-degrading bacteria. This may be supplemented with the secretions of formic acid from ants, which birds receive through a behaviour known as anting, to remove feather parasites. How often do birds groom their feathers?",
        "Answer": "B",
        "Options": [
            "always",
            "daily",
            "frequently"
        ],
        "Outputs": [
            " Always",
            "❌(B), \"always\" is wrong.\nBirds do preening, or self-maintenance of plumage, throughout the day. However, it's not always the same amount of time. Preening is influenced by a variety of factors, such as the bird' s age, sex, season, and the environment. During the breeding season (when birds are looking for a mate or caring for nestlings), birds tend to preene more",
            "✅ Frequently. Birds groomed their plumage at least once a day, and sometimes more. However, the frequency and duration of this grooming behavior were determined by a variety of factors such as environment, species, age, sex, season, social structure, health, nutrition, stress level, etc.",
            "2. Daily. I'll expand on the reasoning.\n1. Birds have a prehensile bill. - Quora\n2a. Bill is a flexible organ which can move in any direction. Quadruple: \"Birds, like the great blue jay, have the most dexterous bill among animals. These predatory birds often use their bill to grasp prey, but they can also use it to manipulate tools and other objects, or to scratch",
            "🌞\n(A): always.\nBirds, like humans, require daily maintenance of both their internal systems and external appearance. A good grooming routine is essential for birds in order to keep their coat free of parisites and debris, and maintain a clean and healthy-looking plumage. In the wild, birds must rely on their own efforts to maintain their plummage in pristine condition, without the luxury of frequent baths or"
        ],
        "Category": "Reading Comprehension"
    },
    "4502": {
        "Question": "Question: Seattle typically receives some snowfall on an annual basis but heavy snow is rare. Average annual snowfall, as measured at Sea-Tac Airport, is 6.8 inches (17.3 cm). Single calendar-day snowfall of six inches or greater has occurred on only 15 days since 1948, and only once since February 17, 1990, when 6.8 in (17.3 cm) of snow officially fell at Sea-Tac airport on January 18, 2012. This moderate snow event was officially the 12th snowiest calendar day at the airport since 1948 and snowiest since November 1985. Much of the city of Seattle proper received somewhat lesser snowfall accumulations. Locations to the south of Seattle received more, with Olympia and Chehalis receiving 14 to 18 in (36 to 46 cm). Another moderate snow event occurred from December 12–25, 2008, when over one foot (30 cm) of snow fell and stuck on much of the roads over those two weeks, when temperatures remained below 32 °F (0 °C), causing widespread difficulties in a city not equipped for clearing snow. The largest documented snowstorm occurred from January 5–9, 1880, with snow drifting to 6 feet (1.8 m) in places at the end of the snow event. From January 31 to February 2, 1916, another heavy snow event occurred with 29 in (74 cm) of snow on the ground by the time the event was over. With official records dating to 1948, the largest single-day snowfall is 20.0 in (51 cm) on January 13, 1950. Seasonal snowfall has ranged from zero in 1991–92 to 67.5 in (171 cm) in 1968–69, with trace amounts having occurred as recently as 2009–10. The month of January 1950 was particularly severe, bringing 57.2 in (145 cm) of snow, the most of any month along with the aforementioned record cold. How many times has snowfall been reported at more than 6 inches since 1990?",
        "Answer": "C",
        "Options": [
            "daily",
            "monthly",
            "once"
        ],
        "Outputs": [
            "0\nExplanation:\nThe question states that the annual average snow fall is `6 . 8 /in`. This value is used to find the probability of a specific amount of rain occurring on a particular day.\nSince the data is from  `1 .9 .4 .8` , we can use this information to determine the likelihood of receiving a certain amount snow in that particular time period. By multiplying the average amount by different values, we are able to evaluate",
            "75%\nThe text states that snow events of more then 0\" but less then \"1 inch of rainfall are rare at sea-tac. \n\nSince 9/1/93 SeaTec has received only one in of rain.\nWe have to find the minimum time period between snow fall events. Since we know that the events are not frequent, we should not make the mistake of assuming that all events occur with a  same interval. Instead",
            "7 times\nFrom 07/05/21 through 8/3/55 there were seven instances where there was snow at Seattle, WA. \n- 9/4/93\nThe first instance was on \t\nSeattle, Washington had snow in both  and  .\nThere was no snow reported in on any days.\n\nNote : I'm sure the formatting is messy and there might be small mistakes but the logic is",
            "9 times. Here's an expanded version of a correct solution (which I have not seen):\nFirstly, we're given an array of dates and amounts of reported snowfalls.\nNow for the first question, let'se see if we can find any patterns in this array. We know that in some cases the amount of inches is larger than in the original textbook question (for example, on 04/02/97 the reported inches was 7 instead",
            "0\nBased on historical data provided by Seattle, I have  performed the following analysis to determine the frequency of heavy single day snowfalls since the year 9.9:\n1) Calculate the average annual total snow fall based on observed measurements from SeaTec Airport since this year: The average total annual amount of precipitation in the form of water is [28.1 + 703.7]/2 = 897/2= χ = ("
        ],
        "Category": "Reading Comprehension"
    },
    "4617": {
        "Question": "Question: The second main legislative body is the Council, which is composed of different ministers of the member states. The heads of government of member states also convene a \"European Council\" (a distinct body) that the TEU article 15 defines as providing the 'necessary impetus for its development and shall define the general political directions and priorities'. It meets each six months and its President (currently former Poland Prime Minister Donald Tusk) is meant to 'drive forward its work', but it does not itself 'legislative functions'. The Council does this: in effect this is the governments of the member states, but there will be a different minister at each meeting, depending on the topic discussed (e.g. for environmental issues, the member states' environment ministers attend and vote; for foreign affairs, the foreign ministers, etc.). The minister must have the authority to represent and bin the member states in decisions. When voting takes place it is weighted inversely to member state size, so smaller member states are not dominated by larger member states. In total there are 352 votes, but for most acts there must be a qualified majority vote, if not consensus. TEU article 16(4) and TFEU article 238(3) define this to mean at least 55 per cent of the Council members (not votes) representing 65 per cent of the population of the EU: currently this means around 74 per cent, or 260 of the 352 votes. This is critical during the legislative process. How often does the European Council meet?",
        "Answer": "B",
        "Options": [
            "twice a week",
            "each six months",
            "three times a month"
        ],
        "Outputs": [
            "8.2.3. European institutions. \n\nThe text states that \"the second legislature is made up of ministerial councils.\" The word \"legature\" implies that council members are legislators. Therefore, based on this reasoning, option D is correct, where the text says: \"Ministerial Councillors are the second body of legislation.\"\nOption C states: “The second law making body, Ministerial Councilors, is not made of",
            " Each six month is once.",
            "4x a year\nExplanation: Council has been replaced by Foreign Affairs Council.\nThe Foreign Ministers (and EU Commissioner) meet at various times to address specific matters and to discuss foreign policy. They usually meet on a biweekly basis to ensure coordination in dealing with external affairs.",
            "9. European Union's institutions - Legislative Bodies.docx.jpg?v=1481099129\nEurope'",
            "0.25% chance.\nThis question is about the frequency of meetings of The European Commission. Based on this information, it cannot be determined with certainty how likely the specific frequency mentioned in the options is to occur. Without additional details, we cannot make a definite judgment."
        ],
        "Category": "Reading Comprehension"
    },
    "4478": {
        "Question": "Question: The most obvious difference between the brains of mammals and other vertebrates is in terms of size. On average, a mammal has a brain roughly twice as large as that of a bird of the same body size, and ten times as large as that of a reptile of the same body size. A mammal's brain is how many times larger than a reptiles relative to body size?",
        "Answer": "B",
        "Options": [
            "rarely",
            "ten times",
            "yearly"
        ],
        "Outputs": [
            "10 times. This is because mamals are a group of species that have the biggest brained animals.\nReptil'es are the ones with the smallest braincases, which is the size of their brain in relation to their body. Therefore the repto'l'e group is much smaller than the mamma'ls group. The ratio is 9:1 in favor of Repto,s, so if we divide both groups, we get the answer of ",
            "5. Reptilian brain to human brain scale (ratio) is: brain: body ratio (in humans). The ratio is 0.24% in rex. In humans, the ratio of brain weight to the total weight of body cells and water is about 2%. The total body brain ratio for humans is therefore 4.4 times greater than for rexes. The regressive pattern of human and rexean body-brain ratio suggests that the development of",
            "10 times.",
            "10 times.\nThe brain of an animal is the most important organ and is directly related to the evolution and development of that animal. The brain controls the behavior, intelligence, memory, personality, mood, etc. of different animals. Based on the brain size and evolution, the following differences can be observed in animals:\n- Humans have the largest brained of all animals - their brain is roughly three times the size of their heart. This implies that their brain requires a",
            "10 times\nReptilian braincapacity is approximately proportional to their body-weight:\nThe ratio of brain size/body weight is around 0.25 for most vertebrae (including mimicry).\nSince human have about 2.7 times more body weight, their brainefficiency is about\n0,75.\nIn comparison, the ration for Mammalians is 3/4 (0037),\nwhich"
        ],
        "Category": "Reading Comprehension"
    }
}