{
    "216802": {
        "Question": "Premise: I was suspicious still, and lay quite quiet for some time.\nHypothesis: I lay silent for a bit and was still cautious. \nQuestion: Do the hypothesis and premise logically entail each other, contradict each other, or remain undetermined?",
        "Answer": "A",
        "Options": [
            "entailment",
            "neutral",
            "contradiction"
        ],
        "Outputs": [
            " A. I am suspiccious and then I remain quiet. This is an action that entails the other.",
            " A. Premise states that the person is suspicion and lies silent. The text then provides two different pieces of information in order to explain these actions:\n1. \"I lay quiet\" implies the same action, but with a different emphasis (quiet vs silent);\n2. the second information states \"for some duration\" (duration). This provides more detail on the duration of time that person lay still/silent in response.",
            " B. Based on the given information and the context, the reasoning steps provided in your  text are incorrect. Let'sfix your reasoning to ensure a correct prediction:\n1: We start with the first premises: \"The sun set.\" (Quadruple: ['Sunset', 'The Sun', None, '25 March 45'])\n2: Moving on, in step 3, we read that \"It was twilight.\" This indicates the",
            " B. Based on the information provided, the correct prediction is that \"I lay still and silent\" for an undisclosed period of time, followed by \"and still being catious.\" This  prediction aligns with the logical progression of reasoning established by the given information.",
            " B. The reasoning steps are:\n1) I am suspcious of X. - This implies that X is something that I find suspicioius. I don't specify what, exactly, I'm suspicous of in this step. However, in order for this to make sense, X needs to be an important or relevant entity. In this case, there is no mention of any entities other than X, so it seems that we are referring to X as being the only entity"
        ],
        "Category": "MNLI"
    },
    "235805": {
        "Question": "Premise: 24/Seven pulls together the Slate features that are updated repeatedly throughout the  Our daily Diary; the e-mail give-and-take of The Breakfast Table and The Book Club and Dialogues about the pressing issues of the day; e-mail dispatches from hither and yon; as well as our Moneybox meditations on business, Chatterbox commentaries on politics, and Culturebox on ...\nHypothesis: Slate features are only available to premium subscribers of Slate.\nQuestion: Do the hypothesis and premise logically entail each other, contradict each other, or remain undetermined?",
        "Answer": "B",
        "Options": [
            "entailment",
            "neutral",
            "contradiction"
        ],
        "Outputs": [
            "\nNot sure what you mean by this.  Do you just mean \"Do you agree with the reasoning steps above?\" or something?  It'd be a yes for me, as long as we ignore the flaws of reasoning, e.g. the second and the third premises in particular, but I'm not sure why you're asking the question, so I have to guess.",
            " The given text is not logicially connected. It is just a random sequence of statements that make no mention of premiums or subscriptions.",
            "\nNot sure what you mean by \"do the\" but the text implies that the features can only be found on the website. Therefore, the conclusion would be that Slatest is only for paid subscriptions.",
            "\nBased on the information provided, we can write the premises to ensure they align with the logical progression of reasoning leading to a correct prediction. Here is an expanded version of each premiser, followed by the prediction:\n1. ['Pulls Together', 'Feature', \"Slate\"] (P1)\n   - The first premis states that  \"2.4 / Seven\" will pull together various Sate features. This implies that different types of content will",
            "\nNot sure what you mean. Surely not the same as the example."
        ],
        "Category": "MNLI"
    },
    "114314": {
        "Question": "Premise: On the other side of the road is Elijah's Cave, a venerable spot where Elijah hid from the irate King Ahab after wiping out his religion ( . )\nHypothesis: Elijah hid from King Ahab due to religious reasons.\nQuestion: Do the hypothesis and premise logically entail each other, contradict each other, or remain undetermined?",
        "Answer": "A",
        "Options": [
            "entailment",
            "neutral",
            "contradiction"
        ],
        "Outputs": [
            "\nNot sure if the text is correct. Here is another try:\n  - On one side, there is an event in which Elias hid in a cave from Ahav.  (P1)\n   - This information is relevant to understanding the event that took place, because it provides context and a background for it. (R)  ['Relevance']\n - Additionally, another event occurred, where Ahavior wipes out religion. This event is significant for understanding how it",
            " B. The premises suggest that Elias hid in a cave and then fled from Ahavah. These are the first two events mentioned. It is also mentioned \"Eliyahu hid\" from \"King Ahash\". This implies that the king was seeking Eilah, but it is not mentioned when he sought him out. However, from this sequence, it can be inferred that after the hiding in Eli'a cave, he fled to a place away from where the",
            " B. Based on the information provided by the given text, we can evaluate the logical progression of reasoning in each part of it to determine if the reasoning steps align with the prediction. \n   \n1. On one side, the text states that Elias hid (venerated) the cave from his adversary, King Ahab. (P1: \"On the side where the [cave] is located, Eilah [Elie] hid [veteraned",
            "\nNot sure about the exact meaning of \"venerate\" here, but if we assume that the text means ELIJAH veneered from KING AHAB, then it'd be contradictory, as EILIA would not hide to avoid a king who was vicious towards him, unless there are other reasons for hiding.",
            "\nBased on the information provided, it is plausible that Elias hid in Elies Caves from king Aha. The reasoning for this prediction is as follows:\n1. On one side is where the king (king Ahan) is and on another side are the caves (Elies cave). This shows a clear separation between the two parties, which implies that there would be a need for Eilas to find refuge in a safe location away from danger or confront"
        ],
        "Category": "MNLI"
    },
    "280600": {
        "Question": "Premise: (Note that there is a 95 percent chance that demand will be less than seventeen units next week'thus, if our buyer decides to stock seventeen units at the beginning of the week, the store should be able to offer a 95 percent order fulfillment rate on this SKU.)\nHypothesis: Last week there was a 97 percent chance of demand being less than seventeen units.\nQuestion: Do the hypothesis and premise logically entail each other, contradict each other, or remain undetermined?",
        "Answer": "B",
        "Options": [
            "entailment",
            "neutral",
            "contradiction"
        ],
        "Outputs": [
            " B. Based on the information provided, we can make a correct prediction about the demand for a certain SKUs by evaluating the provided information sources. \nHere is an expanded and logical progression of reasoning based on these information:\n1. The first information source suggests that the buying organization (i.e., the organization that purchases the SKUS) bought fewer units (7 units) in a previous order than they had expected to receive (9 units). This indicates a mismatch between",
            " A. The  text is as follows. \"Based on the information provided by the demand forecast, it is likely that the SKUs will have a higher inventory rate than expected. Therefore, we should adjust the orders for SKUS accordingly. \nThe  reasoning is:\nBasing on  the given demand data, there will likely be an increase in demand for each of these SKUC. This implies that it may be necessary to adjust our ordering strategies to accommodate any",
            " Based on your information, you are predicting that if the buying store stocks 71 units, then the sales will also increase to 81. Is this correct prediction or is it a falsification of your previous information? If the prediction is correct, how do you derive this conclusion? Thanks.",
            " B. Based on the information provided, it is possible to write the reasoning steps to align them with the provided information sources. Here' s the  text:\n1. According to a recent survey,  the probability of a customer demanding less units of an SK (Stock Keeping Unit) is 0.9 (90%) on a specific date. \n   - Quadruple: ['Survey', 'Customer (SKU)', '% demand',  '",
            "\nB. Neutral. The two statements don't seem to directly relate to each, other and the premises don`t provide any necessary information to establish an entanglement relation. Without further information it is impossible to assess the correctness of such a prediction, as it seems to lack a logical progression of reasoning."
        ],
        "Category": "MNLI"
    },
    "218854": {
        "Question": "Premise: The Globe reports that comic Pauly Shore is terrified that his missing puppy has been eaten by coyotes, while Brad Pitt forces his overweight mutt to work out on a treadmill for 30 minutes a day.\nHypothesis: Brad Pitt sees nothing wrong with his dog's weight and allows him to laze around.\nQuestion: Do the hypothesis and premise logically entail each other, contradict each other, or remain undetermined?",
        "Answer": "C",
        "Options": [
            "entailment",
            "neutral",
            "contradiction"
        ],
        "Outputs": [
            "\nB. Neutral. While the text mentions Brad and Paul' s dogs, it does not provide any information regarding the dogs' actual weight or Brad'' activities. Therefore, the given information does no imply or suggest any specific relationship between Brad, Paul, their dogs or the actions described. ",
            "\nNot sure what the question is.  The given text is not coherent or readable.",
            "\nNo. The information provided in both the reasoning steps is unrelated. Based on the first reasoning step, it is mentioned that Paul Shor is afraid that a pupppy has gone missing and has eating coywolves. This information does not provide any direct link or connection to Brad Pit't dog. Therefore, the information is not related.",
            " C",
            " B. Based on the information provided by the Globo, we can deduce the likelihood of Paul Shot' being terrifies about his puppies being eatten by Coyoles. However, the given information sources do not provide any direct connection or evidence to support the claim that Brad Pit' forces the weight on their dog. Therefore, it is incorrect to conclude that the statement is wrong. The given reasoning steps are flawed as they do no directly support or align with the"
        ],
        "Category": "MNLI"
    },
    "31072": {
        "Question": "Premise: Lady with a green mask at the dentist and she just look very unhappy.\nHypothesis: A lady is wearing a mask at the dentist looking unhappy\nQuestion: Do the hypothesis and premise logically entail each other, contradict each other, or remain undetermined?",
        "Answer": "A",
        "Options": [
            "entailment",
            "neutral",
            "contradiction"
        ],
        "Outputs": [
            "\nBoth the statement and the given information are correct.  Here is an expanded explanation of each part:\n1. \"Lady with green face mask is at Dentist\"\n- This is a statement based on the premises provided. It implies that the lady in question is actually at her dental appointment. The fact that she is there suggests that it is likely she may be feeling uncomfortable or anxious due to potential dentistry procedures. This reasoning aligns with the",
            " A.  The text suggests a direct relationship between the lady'! wears a face mask' at 'dentist' and the 'looks unhappily'.  This implies that the presence of a facemask is likely to be linked to her unhappeyness.",
            " A, The premises are: \"Lady with green Mask at Dentist, Unhappy\", and \"Dentists, Wear Maks\" \nFrom the above, it is observed that the prediction, \"The lady at dentistry is unhappily wears green,\" is wrong. It is not logicially entailed by either the premiser or the given hypothetical situation. Thus, the logical progression fails.",
            "\nYes.  Here's an expanded explanation of each step in the text:\n  1. The premises state that a lady wears a \"green mask\" at some point. However, this does not provide any information about whether or not she is at her dentists or just generally weaving a face mask. Therefore, it does NOT logistically conclude that the lady in green is specifically at DENTIST.  \n   \n2. Following this, the premisses state",
            " A.  The premises are as follows:\n   - Lady is at dental office with green face mask. (P1)\nExplanation: This premium states that the lady has a face cover that is green in nature. It is important to note here that a description is given for the mask rather than just an assertion that she is 'wearing' a 'face mask'.\n   \n- The lady's face is sad/unhappy at this dentists"
        ],
        "Category": "SNLI"
    },
    "56885": {
        "Question": "Premise: A musician performing during the world event concert held in a local church in the city of angels.\nHypothesis: There is a concert at a church.\nQuestion: Do the hypothesis and premise logically entail each other, contradict each other, or remain undetermined?",
        "Answer": "A",
        "Options": [
            "entailment",
            "neutral",
            "contradiction"
        ],
        "Outputs": [
            " A is correct. Based on the information provided, the prediction that a music concert will take place at the local Church of Angels is incorrect. There might be a small possibility of a performance happening at an event such as the World event, but it is important to provide concrete evidence or reasoning to support such a prediction. Additionally, considering that the Church and the Angel City are distinct entities, it may be incorrect to assume they are synonymous.",
            "\nBased on the information provided, it is not possible to determine the correctness of either the hypothetical statement or the conclusion based on this given information set alone. The reasoning steps provided do not establish a clear and logical progression to support the conclusions, as the given premises do no contain information relevant to whether or not a \"musician\" would perform at the \"world event\" concert. Therefore, the reasoning presented here is flawed and does not provide sufficient evidence to evaluate",
            "\nA.  The hypothesis is true based on the information provided by the premises. The information states that there was a performance by a music group at the local Church of Angels during a world-wide concert event. This implies that a musical act would indeed take place at that specific church on that date. Therefore, the prediction aligns with the reasoning steps provided in this case.",
            " B. The text is unrelated and lacks any information that would allow us to make a valid evaluation of either the premises or the conclusions.",
            " A \nExplanation}[B]\nNot sure what the other two examples are meant to be, but this one is about a music event happening in front of a Church, which can logistically happen. The premises do not contradict the event because they involve the music and Church. Therefore, this prediction seems correct."
        ],
        "Category": "SNLI"
    },
    "94993": {
        "Question": "Premise: A skier poses next to a \"Experts Only\" sign with a ski lift in the background.\nHypothesis: a woman poses\nQuestion: Do the hypothesis and premise logically entail each other, contradict each other, or remain undetermined?",
        "Answer": "B",
        "Options": [
            "entailment",
            "neutral",
            "contradiction"
        ],
        "Outputs": [
            "\nNo. Based on the information provided in both the premises and the hypotheses, it is impossible to determine a logical progression of reasoning to support the correctness of either statement.  Unfortunately, the given information sources do not provide sufficient information to draw valid conclusions, as they do include contradictory information, making it difficult to evaluate their correctiveness or the relationships between the two statements. Without more context from the provided information or additional information from other sources, any further evaluation would be uncertain",
            " Not sure, need a clearer picture of what the text is trying to say!",
            "\nA\nThe given hypothetical situation is as follows: \"A skater is posing next a 'Expert Only' sign, with an image of a [ski] lift behind him. He is weighing the pros and cons of weaving in and out of traffic cones.\" Based on this information, let's evaluate the correctness of each option:\n  \n1. Option (a): 'A boy, who is 8 years old, is standing on",
            "\nBased on the information provided, the correct prediction is the woman is posing on skis. Here's a logical progression of reasoning to explain this prediction:\n1. The skilled skater is an expert. This is supported by the fact that they appear near the sign \"EXPERTS ONLY,\" indicating their expertise level. 2. Experts are usually associated with advanced or challenging activities. In this case, it is reasonable to assume that the expert sk",
            " A.   The premises and hypotheses align logicially. The woman is posing in front of a sign indicating the presence of an expert-only ski area, as evidenced by the fact that a background ski-lift sign is visible in line with the woman's position. This information provides a basis for the hypothesized fact, that the subject is a person posed in this specific location."
        ],
        "Category": "SNLI"
    },
    "58678": {
        "Question": "Premise: There is a tennis match being played at night in this stadium.\nHypothesis: A game is being played in the evening.\nQuestion: Do the hypothesis and premise logically entail each other, contradict each other, or remain undetermined?",
        "Answer": "A",
        "Options": [
            "entailment",
            "neutral",
            "contradiction"
        ],
        "Outputs": [
            " Entail\nThe reasoning is that a game has to be played, so it makes sense that the game could have been played on the night specified. The specific night is not relevant to determining if the event is likely to happen, as any night with the necessary prerequisites (stadium, players, referee, etc.) could host a similar event.",
            " A. The tennis court is clearly shown at the stadia. So the tennis game takes place at this place. Therefore, the event \"A game being hosted at evening time\" would be a correct conclusion.",
            " B. Based on the information provided by the premises, a logical inference can be made that a game took place at the stadion on that particular night. Although the specific time or day of this event is not mentioned, it is reasonable to assume that it happened at an evening time, as this is the only time mentioned. The information in both the given premisses supports this inference, establishing a connection between the event and the nighttime setting.",
            " A.  The premises provide evidence that supports the correctness of this conclusion.",
            "\nB. Hypothetical: \"There is/are a person(s) playing a game.\"\nNot sure if it's correct, but it fits the given information"
        ],
        "Category": "SNLI"
    },
    "103211": {
        "Question": "Premise: Many people walking down the street in a large city while confetti is flying through the air and one man is holding a sign that says Team USA.\nHypothesis: The people in the street are part of a parade.\nQuestion: Do the hypothesis and premise logically entail each other, contradict each other, or remain undetermined?",
        "Answer": "B",
        "Options": [
            "entailment",
            "neutral",
            "contradiction"
        ],
        "Outputs": [
            " A. Based on the information provided, it is plausible that the people seen in this scene are involved in some type of paraDE, as the premises suggest a gathering or celebration. However, the specific nature of this particular paraDe is not explicitly stated. Therefore, without further information, any conclusions as to who these individuals are or what they are participating in would be speculative.",
            " A. Based on the provided information, it is correct to predict that the people on street, where the parafe is taking place, are participating in it. The reasoning is as follows:\n1. People walking on road (street) - This indicates the presence of people near the event. \n2. Flyers, flags, streamers and confeti - These objects suggest the occurrence of celebration and parafs in this region. Since the objects align, they likely relate to each",
            "\nBased on the provided information, it is difficult to evaluate the correctness of your hypothesis. The premises given are vague and provide no specific details. Without additional evidence or context, there is no way to determine the likelihood of this being a correct prediction. Therefore, the conclusion is not supported by the given information.",
            " A.  The premises provide information about the presence of people and activities in certain circumstances, but they do not provide direct evidence for the specific conclusion about a specific paradepartment. Therefore, without more information, it is not possible to evaluate the correctness of this prediction.",
            " A. Based on the information provided by the premises, it is reasonable to predict that the people on street could be partaking in some form of paraDE. This could potentially include a variety of groups, such as a sports teams, a political organization, an entertainment group, etc. Additionally, the confetiFlying could indicate that this is a festive or significant event. However, without specific details or evidence linking these events to an actual paraDe, this prediction is based on spec"
        ],
        "Category": "SNLI"
    }
}