{
    "216802": {
        "Question": "Premise: I was suspicious still, and lay quite quiet for some time.\nHypothesis: I lay silent for a bit and was still cautious. \nQuestion: Do the hypothesis and premise logically entail each other, contradict each other, or remain undetermined?",
        "Answer": "entailment",
        "Options": [],
        "Outputs": [
            " Yes. The Hypotheses and Premises do entangle with each others. Here's an expanded explanation of each reasoning step:\n\n1. I have been suspended for not paying my taxes. (Premise)\n   - This states that there is a situation in which I am being suspension for reasons related to not meeting tax obligations. This is the initial starting point of the reasoning. It establishes that I had some form of tax-related suspense",
            " Premises:\nI had been coughing up blood recently. (This is true)\nBlood was present around me. ((Not sure how it could be present))\n\nHypoethesis :  I had blood coming up from my body and the blood around. This might have resulted from the cure for TB, which causes bleeding from all orifices. However, the bleed would be caused by a reaction to a vaccine. I have a",
            "1. Based on the premises, it is reasonable to hypothesize that the suspect is suspicions still.  \nThe premisses are:\n  2. The suspect was quiet (premisse 2);\n  and\n    - The police were also quiet. (This is not a premiss as such, but a piece of information that is relevant to making the correct hypothisis)\nBased on these premesses, a reasonable and correct conclusion is that: the",
            " \"I lay suspiciously silent, still.\" This is a flawed statement because it is missing the logical progression between the premises. A logical sequence of reasoning would be:\n\n1. I observed X suspicion. This means that I have seen or heard something that makes me feel suspicions. The observation could be based on direct observation, hearsay, inference, etc. It can be anything that triggers the suspician. In this hypothetical situation, the observed",
            " The hypothesis suggests that after the previous encounter, the narrator was \"still catious\" and \"lay quiet.\" However, it is not clear from the given text whether these events are directly connected to each another. Without further context or information, we cannot definitively determine the correctness of this prediction. Therefore, I cannot evaluate the reasoning steps provided as they are not adequately supported."
        ],
        "Category": "MNLI"
    },
    "235805": {
        "Question": "Premise: 24/Seven pulls together the Slate features that are updated repeatedly throughout the  Our daily Diary; the e-mail give-and-take of The Breakfast Table and The Book Club and Dialogues about the pressing issues of the day; e-mail dispatches from hither and yon; as well as our Moneybox meditations on business, Chatterbox commentaries on politics, and Culturebox on ...\nHypothesis: Slate features are only available to premium subscribers of Slate.\nQuestion: Do the hypothesis and premise logically entail each other, contradict each other, or remain undetermined?",
        "Answer": "neutral",
        "Options": [],
        "Outputs": [
            "1. Premises: a.  \"Our daily diary\" and \"the e mail give and take of 'The breakfast table' and 'the book club'\" are not features. b. \"The e maill dispatch from [sic] hith[er] and [y]on\" is a feature. c. The \"Money box\" feature is not available. Hypotheses:\na. None of these premises directly pertain to the availability of",
            " According to the information given, it is incorrect to state that the Premium Subscribers are the ONLY ones who have access to Slat features. This statement implies that only paying members can view the content. However, there is no evidence supporting this claim in the provided information.",
            " I'm not sure what you mean by \"features,\" but based on Slat...\nDo the hypotheses \"Premise:\" \"There are many ways to make money, including by making money from money,\" \"and\" \"hyp...\"? |\n\"P premises.\" \"Q.\".\"Q prem,\"Do,The hypothesi\"\nThe prem...",
            " The text is unrelated, so the question is unclear. However, since you have the option to make a  prediction, I will write it for you.Prediction: Based on the premises that there is a text and it is not mentioned, we can assume that the text may be related to the topic of \"Premise and Hypotheses.\" It is possible that this text could provide information about how Premises and HYPOTHESES are related in some context.",
            "\nThe premises of your reasoning are not aligned with the conclusion.  Your text states that the daily diary and the book club are available for free and then suggests that these features would be accessible with a premiums subscription. This is not logical. It is true that both of these are free. However, the fact that they are accessible for \"free\" does not necessarily mean that you will not have to pay if you subscribe, unless you can specifically state the price for premimum membership"
        ],
        "Category": "MNLI"
    },
    "114314": {
        "Question": "Premise: On the other side of the road is Elijah's Cave, a venerable spot where Elijah hid from the irate King Ahab after wiping out his religion ( . )\nHypothesis: Elijah hid from King Ahab due to religious reasons.\nQuestion: Do the hypothesis and premise logically entail each other, contradict each other, or remain undetermined?",
        "Answer": "entailment",
        "Options": [],
        "Outputs": [
            "1) On a hillside, there're a grotto named Elias' Hideout.2) In Elies Haven, Eilas hid himself from Aheb.3) Eilis hided himself in the grottos.4) Above ground there was a cave that Elius hid in.5) The cave in which Eliahs Cove is located was the cave where he hid.6) Therefore, Elisa hid on his home grounds. 7",
            "1. ELIJAH'S CAVE 2. AHAB 3. RELIGION 4. HIDE The given is flawed in that the information from #3 does not relate to #1 and #2, and the given information is not related logistically. 5. CANONICAL ACCOUNT The information about Elias hiding is found in the book of 6. THE BOOK OF KGS. KINGS, chapter",
            "1. Premiss:\n\"On the Other Side of The Road\" is a phrase used commonly by people to express a wish or desire to change their current situation and move to a different location. The phrase is derived from an idiomatic expression, \"On another side,\" which is often used to refer to an alternative location, situation, perspective, etc. However, while the original idioms are figurative and do not necessarily imply any particular location physically, the phrase \"on the",
            "\n\nNot sure about your reasoning, but here're two possibilities:\n1. The text doesn't give a clear explanation of why Elias hid, it'd be more accurate then to say that he did. 2. Elais' hiding place was a cave, and that the cave is the same as the place where God would appear (as in the text), and it is possible to make the leap to conclude that Eilas had a spiritual connection to the c",
            "\n\nThe text states  \"On the [other] side [...] hid Elias from Jehoshaphat\".\nTherefore the reasoning is wrong, it cannot be \"other\" as \"hid from king A\" is already mentioned in the text."
        ],
        "Category": "MNLI"
    },
    "280600": {
        "Question": "Premise: (Note that there is a 95 percent chance that demand will be less than seventeen units next week'thus, if our buyer decides to stock seventeen units at the beginning of the week, the store should be able to offer a 95 percent order fulfillment rate on this SKU.)\nHypothesis: Last week there was a 97 percent chance of demand being less than seventeen units.\nQuestion: Do the hypothesis and premise logically entail each other, contradict each other, or remain undetermined?",
        "Answer": "neutral",
        "Options": [],
        "Outputs": [
            "1) The premises are not the same. The first premiss is about an unspecified previous week. 2) the second premis about the next weeks demand. Therefore, they do not align. Thus, we cannot logicially infer the 4th step based on the previous steps.",
            "\n1. Last Week there were 15 units of inventory available. 2. Demand was for less that 4 units on last Week.3. The buying plan states that the Deman will not be more than 30 units per Week, therefore  the demand was less then 7 units  on the previous Week\nNow, based from the information provided, it can be determined the probability of  demand  of less or equal to 6 units (17",
            "1) Premises are not related. 2) Hypotheses are related because both are based on the assumption that the demand for the SK is not known for sure.",
            "1) The hypothesis is that the SKUs demand last week was less or equal to 77 units based on the given information that they had a demand of 83 and an available quantity of only 6. 2) Based on information of how many orders were fulfilled (8) out of a possible 58 orders (6+8), the probability of this scenario occurring would be 0.14. This is the premises supporting the original 4% figure",
            "1. Hypotheses: \"Due to past behavior, we will observe a probability of 70%\" and \"Last week demand was 20\".  These two hypotheses can be combined to formulate the following hypothesis:\n\"Based on the observation that past demands have been 60% of available supply, and based on last week we can expect the same behavior to continue. Lastly, based upon the observed past demand of a certain SK, it is likely"
        ],
        "Category": "MNLI"
    },
    "218854": {
        "Question": "Premise: The Globe reports that comic Pauly Shore is terrified that his missing puppy has been eaten by coyotes, while Brad Pitt forces his overweight mutt to work out on a treadmill for 30 minutes a day.\nHypothesis: Brad Pitt sees nothing wrong with his dog's weight and allows him to laze around.\nQuestion: Do the hypothesis and premise logically entail each other, contradict each other, or remain undetermined?",
        "Answer": "contradiction",
        "Options": [],
        "Outputs": [
            "...................................\nPremise 1. The globe is reporting that Pauli Shire is a comedian\nConclusion 2. Brad pitt forces a dog to do a ..............\n..................... (I do not know)\nIs the conclusion correct or incorrect? Explain or show the steps. Thank you very much!\nThe conclusion is incorrect. Based on the information provided, we cannot determine whether the prediction is correct. We lack any indication or evidence",
            "1. Paul Shire is a comedian who has recently lost his puppyg 2. Brad Pit is an actor \n\n3. Puppies are small animals 4. Actors have small dogs that they take care of 5. Therefore, Paul'sh puppe has eating by Brad Pits puuppy\n6. Coyotee are known to be vicioust 7. Viciousness and coynote are not related",
            "1. Paul Shire is scared his puppies are not alive, but Brad Pits is worried about his dogs weight because he exercises it, so they are both screwed up. 2. Brad Pit is a dog trainer and is in a lot of movies about dogs, and he has a fat dog and a thin dog, which is an oxymoron because they should be the same weight.3. There is no premises or hypothesis.",
            "1. Brad does not force his fat dog to run on the tredmill. 2. His fat cat is not allowed outdoors.",
            "1. Brad Pit is an actor. 2. Actor' Brad PItt does not force their dog to go to the gym. Therefore, Brad' s dog is obese."
        ],
        "Category": "MNLI"
    },
    "31072": {
        "Question": "Premise: Lady with a green mask at the dentist and she just look very unhappy.\nHypothesis: A lady is wearing a mask at the dentist looking unhappy\nQuestion: Do the hypothesis and premise logically entail each other, contradict each other, or remain undetermined?",
        "Answer": "entailment",
        "Options": [],
        "Outputs": [
            "1. The Lady is not weared a dental mask, but it is a surgical mask. 2. She is at dentistry. Hypotheses: The surgery mask is made of non - sterile fabric and is for aesthetic purposes only. Question: Is the surg...\nPremise and Hyp\nI need help with this logic problem. Thank you!\nIs it correct to say that\n$$(\\neg A \\Rightarrow B)$$\nand\n\n",
            "1. The lady in question is seen wears a dental mask. 2. Her facial expression suggests unhappiness. Based on this information, we can infer that the lady had a poor dentistry experience. This is a logical progression of reasoning. However, without any additional details or context, it is difficult to determine the accuracy of the prediction.",
            "1. Lady wears a face mask. 2. The dental practice has masks available to use. Therefore, the lady can wear it. Premises are correct. Based on this information, it may be inferred that if the face-mask is not being worn, there is a likelihood that the patient is unh...\nAnswer from: bob-pabst@hotmail.com\nLady with Green Mask Dentist Hypothetics Question Lady,",
            "1.Lady wears green face mask when she goes to the Dentist.2.She appears to be unhappily.3. She is unhapy because the green colour is associated with envy, grief or jealousy.4. Therefore she is not happy because green is an unpleasant colour. 5. Green is unlikable because it is the colour used by the devil and is often linked to death and sickness.6. This colour does not",
            "1. Hypothetically, the lady could have been a patient at a dental clinic. A patient who is having a procedure done, such as a root canal, may be given local anesthesia and thus be unaware of the procedure. The dentists and nurses would not want the patient to be aware or see what is happening, so the mask is used to cover the face to ensure privacy and protection. So, this is an example of a correct prem"
        ],
        "Category": "SNLI"
    },
    "56885": {
        "Question": "Premise: A musician performing during the world event concert held in a local church in the city of angels.\nHypothesis: There is a concert at a church.\nQuestion: Do the hypothesis and premise logically entail each other, contradict each other, or remain undetermined?",
        "Answer": "entailment",
        "Options": [],
        "Outputs": [
            "❝✨There is no logical entaipment between the hypotheisis, premises, and the conclusion⟧⭐ Hypothasis ⇒ Conclusion (No Entailment)\nPremise 1: The church is hosting a music festival. (Not sure why the church would be hosting the music fest.)\nConclusion ≠ Hyptheseis: Churches are not the most likely place to hold festivals. However, it is",
            "1) There will be a world-wide event happening, 2) A church has been identified as the location, and 3) The music will take place there. Based on these premises and the given information, the correct prediction is that there will indeed be an event with music in such a setting, as it is likely that a large-scale event would happen in an iconic location like a famous Los Angeles church, where music would likely be involved. However, it does not directly",
            "\n\nYes. The premises lead directly to the conclusion. Here is an expanded explanation of each step:\n1. A world-event is held at the local city. In this case, the event is the concert being held. This information is provided by the statement \"world event in Los Angeles\", where Los Angles is identified as the location of the specific concert taking place. 2. An unspecified concert is scheduled to take place at Los Angelos. According to this information",
            "1. Premised: \"a music artist is performing at church\"\nThis is the same as the given hypothesis. The two sentences are the exactly identical, except the one has \"music artist\" while the other has the word \"musician.\"\nThe hypothesis, as it is now, is unrelated to the information in this premised sentence.",
            "\nThe hypothesis, \"A music concert will be performed in church,\" is true. The reason is that this is what the statement is claiming, but there is no evidence of a contradictory statement being made. "
        ],
        "Category": "SNLI"
    },
    "94993": {
        "Question": "Premise: A skier poses next to a \"Experts Only\" sign with a ski lift in the background.\nHypothesis: a woman poses\nQuestion: Do the hypothesis and premise logically entail each other, contradict each other, or remain undetermined?",
        "Answer": "neutral",
        "Options": [],
        "Outputs": [
            "1. The skies are blue on a sunny day. 2. A woman has blue eyes. Therefore, a skyscraper in New York has eyes, right?",
            "1. Based on the given information the premisse states a skilr posing next a sign that reads \"experienced only\". 2. The given hypotheses is that a women is posed. 3. Given the information from the two statements the first statement is more relevant. It states that the skiller posers next an \"exp...\nA skilled skies next experts only sign in a lift background and then ski expert only is given.?.?.?",
            " The woman in this photo is a skilled snowboarder, and based on the information provided, the premises suggest that she is at a resort that does not allow women to ski. The logical progression of reasoning is as follows:1. Women are prohibited from skiing at this resort.2. This woman is posing for the photo.3. Therefore, it is likely that the woman took advantage of a nearby ski area that allows women and was not present at the resort with",
            "1. The first premises tells us the skilift is open, and that is a correct premiss. 2. Then the second premisses tells about a sign, which is an expert sign. This is also a good premisse. But the final statement is incorrect! The final premissent is that a female is on that specific sign that tells \"exper...",
            "1) The first premises states that a sign indicates that an area is open to experts only. 2) Based on the first statement, the second statement is that women are exper...\nPremise A: Expert Skier B: Ski lift 4:39 PM Premi...PRO\nQ:(1.8 points)(Multiple Choice)...\n12.P({1},{2},{3})E({5},{6},{7})Q......"
        ],
        "Category": "SNLI"
    },
    "58678": {
        "Question": "Premise: There is a tennis match being played at night in this stadium.\nHypothesis: A game is being played in the evening.\nQuestion: Do the hypothesis and premise logically entail each other, contradict each other, or remain undetermined?",
        "Answer": "entailment",
        "Options": [],
        "Outputs": [
            "\n\n\"A game being [planned for] in [a stad]ium\" is an open textual prediction. \"A tennis-match being planned for [in] the stad[ium]\" is more specific, but still open. The two are not logicially connected, they can be either true or false. ",
            "\n- The hypothesis, \"A game was being held last night,\" is not logcally entailed by the premises. While the first premis, states that a game took place, it does not provide information about when the game occurred. The second premesis states the place where the match took placed (a stadiam).\n\nThe hypothesis can be evaluated as false. It is incorrect to conclude \"The game last evening,\" based on the information provided by these two premisses,",
            "\nYes.  The text is  ['There', 'is', \"'tennis match'\", 'being played', '\"at night\"', in, 'this stadiums'], and the correctness of the prediction is ['Yes'].\n\n['Tennis match', \"at\", \"night\", \"'\", in,'\"this'\"']  \n[\"This stadiam\", is, \"'\"',,\"playing'\",\"ten\",'\"]['\"]   '[\"tenn\",\"i\",\"",
            "1. The Premised event (tennis match) is played on the stadiums.  2. Night time is after the sun has set. 3. Based on this reasoning, the conclusion is that the match is indeed being held at the Stadium on a night time. Hence, it is correct.",
            "1. Hypotheses: \"There is no tennis being performed during the day time.\" 2. Premises: \"(1) A sports activities is performed in a stadiums. \"(2) It is nighttime on the stadia in which a sports event is carried out.\"\nThe two conditions do not align. In the 최고룸알바 initial hypotheses, the time of day is not specified, while the second states the precise time at which"
        ],
        "Category": "SNLI"
    },
    "103211": {
        "Question": "Premise: Many people walking down the street in a large city while confetti is flying through the air and one man is holding a sign that says Team USA.\nHypothesis: The people in the street are part of a parade.\nQuestion: Do the hypothesis and premise logically entail each other, contradict each other, or remain undetermined?",
        "Answer": "neutral",
        "Options": [],
        "Outputs": [
            "1. The hypothesis is \"Many people...in a city...\" and the premises are \"walk down street...\" \"holding sign...\". 2. Logically, they are not contradictory. They both involve people on streets with signs. 3. However, the prediction, \"Team USA wins\", is not logicially entailed by the information given, because the text never mentions \"team US wins\" in any way. It does not make sense to predict something that was",
            "\nNot sure, the text is unrelated. Based on the information provided, it is difficult to determine the likelihood of an event where many people are walking in one street holding small flags, confettis, and banners, with one person holding the sign \"Team USA.\" Without specific details about the time, place, circumstances, context, etc. it would be challenging to make a definitive judgment regarding the plausibility of such an occurrence. The event does not seem directly",
            "1. The premises do not logicially entitle the conclusion. 2. However, the premisses do suggest that a possibility, that the man with the sign is participating in or is a supporter of an event that is happening nearby or has just happened. This would be in line with \"many\" being present.",
            "\nNo.  The Premiss is \"Many people are walking in streets.\" While the Hypotheses is that \"People are participating in paradev.\" The two are not logiocally connected. The premiss could be about a random event, while the hypothese is a specific event of People Participating Parade.",
            "\nYes. Based on the information provided, it is plausible that the people seen in this scenario are participating in an event known as a \"parade.\" The reasoning is as follows:\n\n1. People are seen walking together in close proximity. The fact that they are walking and there is no information about a specific destination or reason for their presence suggests that it may be partaking in some kind of gathering or event. 2. There are confettis that have"
        ],
        "Category": "SNLI"
    }
}