{
    "216802": {
        "Question": "Premise: I was suspicious still, and lay quite quiet for some time.\nHypothesis: I lay silent for a bit and was still cautious. \nQuestion: Do the hypothesis and premise logically entail each other, contradict each other, or remain undetermined?",
        "Answer": "A",
        "Options": [
            "entailment",
            "neutral",
            "contradiction"
        ],
        "Outputs": [
            " B) they remain neutral. The hypothesis is \"I lay quiet\" and the premis is the fact that you lay still. These two statements do not directly entangle eachother, but they can be combined to form an inference about your actions. For instance, you could infer that \"since you are being quiet and still\" you might be being catious, since you would need to be quiet if you were being vigilant or caucious.",
            " They do not align. Based on the information provided, the given premises do establish a logical progression, while the conclusion does not necessarily follow. The prediction that the speaker will \"still be catious\" is not supported by the provided reasoning steps.",
            " B. It's an if... then statement. The premises are:\n\"I lay [silent] for [some] time.\"\nTherefore, the logical progression is: If you are silent, then you will not make noise. However, there is no mention of being cynical. Therefore, this reasoning is incorrect.",
            " C. Contradiction. \"The hypothesis that the cat is on the mat contradicts the premises: the first states that \"the cat was not on it,\" which implies the opposite, that it is. The other premiss is also contradictory: \"it was on a book before,\" but this is not logica...\" from Quora's answer\n\nhttps://www.quora.com/Is-there-any-reason-behind-the-contradition",
            " The text is ambiguous and can be interpreted in several ways. Let's analyze the situation step by step. The given text states that \"I was suspected still\", suggesting that I had not been definitively proven innocent or guilty. This implies that there was an ongoing investigation or suspicion surrounding me. I can infer from this that authorities had some reason or evidence to believe I might be involved in a particular incident or crime. Without further details or context, it is difficult to determine"
        ],
        "Category": "MNLI"
    },
    "235805": {
        "Question": "Premise: 24/Seven pulls together the Slate features that are updated repeatedly throughout the  Our daily Diary; the e-mail give-and-take of The Breakfast Table and The Book Club and Dialogues about the pressing issues of the day; e-mail dispatches from hither and yon; as well as our Moneybox meditations on business, Chatterbox commentaries on politics, and Culturebox on ...\nHypothesis: Slate features are only available to premium subscribers of Slate.\nQuestion: Do the hypothesis and premise logically entail each other, contradict each other, or remain undetermined?",
        "Answer": "B",
        "Options": [
            "entailment",
            "neutral",
            "contradiction"
        ],
        "Outputs": [
            " B. The hypothesis is that you have to pay to access the features of a given site, which is not true for SPLATE.",
            "\n(B).  The hypothesis suggests that Sate's features will not be available for free.  This is a correct prediction.",
            " (b). Neutral. The statement \"Slate has features,\" is correct, but it does not provide any information about whether the features will be available for premiums. It's also not a correct prediction of which features, if any, will not be premimum-accessible, as none of them would necessarily be. \n\n",
            " ( B ). The hypothesis states that Slat's daily features will not be available for a non-premium reader. It is neutral, because the statement does not imply any specific reasoning behind the decision to provide premiums. The prediction is that the features provided in the hypothetical article will only be accessible to a paying customer.",
            " I would go with entielment as you have the correct idea but the way you've worded it makes it incorrect.  Here it is with expanded explanations and the reasoning.                                             The premises are:\n1. All Slice features (as in the ones you mention) are available only to Premium Subscribers. (Premise)\n2. The Daily Diaries are the \"Our\" part of \"All Slicew Features.\" ("
        ],
        "Category": "MNLI"
    },
    "114314": {
        "Question": "Premise: On the other side of the road is Elijah's Cave, a venerable spot where Elijah hid from the irate King Ahab after wiping out his religion ( . )\nHypothesis: Elijah hid from King Ahab due to religious reasons.\nQuestion: Do the hypothesis and premise logically entail each other, contradict each other, or remain undetermined?",
        "Answer": "A",
        "Options": [
            "entailment",
            "neutral",
            "contradiction"
        ],
        "Outputs": [
            "1Kings 21:10-14\nAnd Aholah and Aholelim made their dwelling in Samaria, while Ahatasbich made her nest in Beth-emek[a] and Goim made[b] their nest [in] Gilgal, and [so did][c] Ekron as far as Gaza and all the territory around Azzoth.   (B ) [d] Then Jezeb",
            "​Elijha' s cave was not on the side where Ahan was. So the reasoning is not correct. Achan was on a different side. \n\nELIJAH'S  \nCAVE  ​\nOn the   side   of   the  road   that    leads   to   Jeezebel 's     castle   is  ELI  JA   -HA    CAV   E   . ELAHI    was    hiding",
            "1Ki 21:18-24, 9-14\nKing Ahan't (Jehoshaphat) sent a message to Jehoram king of Israel, saying: \"The kingdom of Moab, which is west of Madaba, has rebelled against me. Will you please go and put it in submission?\"\nNow Jeoram summoned a military force from all the states of Benjamin, from Zemaraim [",
            "1 Kings 4.24-25 (King James version):\nAnd Elah also, the son of Sha'aph, had daughters, whose ports the sons of Achish married. Whereto Shimei said unto Jar'eher, Thou knowest what Saul and the house of Israel did; and thy fathers did to the kingdom to come there on the women who were mine enemies, whom didst thou invade? Wherefore Shel",
            " The hypothesis is that because Eelijah is hiding from Ahav, there is a reason for him to do so.  However, the premises provided do not directly support this claim. The first premis states that Eellijah killed Alavah (King Aha). While the fact that he killed him does not specifically indicate why he would hide from him, it does show that they had a conflict. Therefore, this premisis is not relevant. However the second premisse states:"
        ],
        "Category": "MNLI"
    },
    "280600": {
        "Question": "Premise: (Note that there is a 95 percent chance that demand will be less than seventeen units next week'thus, if our buyer decides to stock seventeen units at the beginning of the week, the store should be able to offer a 95 percent order fulfillment rate on this SKU.)\nHypothesis: Last week there was a 97 percent chance of demand being less than seventeen units.\nQuestion: Do the hypothesis and premise logically entail each other, contradict each other, or remain undetermined?",
        "Answer": "B",
        "Options": [
            "entailment",
            "neutral",
            "contradiction"
        ],
        "Outputs": [
            " The premises imply the following:\n1. Last Week's Demand for Item (SKU) = 17 units\n2. If Last Weeks Demands for other items were: a) 0, b) -1, and c) +4 respectively.  (Not sure what these numbers mean)\n3. This Week Demande for the same item (Item SKUs) will also equal 75 units?  I'm still not sure if this",
            "1. Last Week, there were (90 units) sold and (7 units ) not sold. Therefore the demand was 83 units, which is close to your prediction of 77 to 69 units\n2. This Week: The Demand is 23+17, and based on the previous week sales pattern, we can predict the Demands to be (80+20) units based upon the same trend pattern. 3. Based on",
            "....................................A. The premises do not directly relate to each\nother, since the first one is about the past week and the second is\nabout the following week. So, they are not logi-\ncally connected, and we cannot conclude that the\nprediction about next weeks demand is correct. (\nNote: This is not the correct answer. It is an incorrect prediction based on flawed reasoning. ))",
            " The  hypothesis is that the demand for the given SKUs will not exceed 14. The statement is incorrect, as the actual  demand was 8.  \n\nTherefore the premises do not log in well with the  hypotheses.",
            "7 units is less then 17 (the premis) therefore the demand is greater then the 2 units the buyr bought last week. (9 units minus 8, not sure where the -7 comes from but the logic is the same)\nThe 0.5 is there because 5% is 4.42%. 6 units would be a neutral prediction. 3 or ≤ ≠ ≥\n$\\begingroup$ What is your logic"
        ],
        "Category": "MNLI"
    },
    "218854": {
        "Question": "Premise: The Globe reports that comic Pauly Shore is terrified that his missing puppy has been eaten by coyotes, while Brad Pitt forces his overweight mutt to work out on a treadmill for 30 minutes a day.\nHypothesis: Brad Pitt sees nothing wrong with his dog's weight and allows him to laze around.\nQuestion: Do the hypothesis and premise logically entail each other, contradict each other, or remain undetermined?",
        "Answer": "C",
        "Options": [
            "entailment",
            "neutral",
            "contradiction"
        ],
        "Outputs": [
            "........A.  Logically, the premises and the conclusion align in the following way:\nBased on the information provided, it is plausible to predict that Pauli Shores has concerns about his puppys weight, as stated in both the first premis and conclusion. The first step involves observing a correlation between Paulis worriedness about the weight of his pup and Brad Pits dog being obese. This suggests that there may be a link or correlation in terms",
            "1. Paul is a comedian. 2. Brad is an actor. I don’t follow the conclusion from the information provided.",
            "💩\nPaul_E_Kemp\nRe: Logic Quiz\nDo the premises entitle the conclusion, neutralize, of contradict, the other? options ( A ) entitlement ( B ) neutrality ( C ) contradictions\nQuadratic equation: $ax^{2}+bx+c=(x-1)y^{3}+xy+(5x)+2$\nFind the minimum value of $y$:\n$\\begin{array}{",
            " (a) Brad' s dog has gained weight, because Brad is not forcing him (the dog) to exercise on his tredmill. \n(b) the dog (as the result of not exercising on the treamill as per the force of Brad) has become lazy.",
            "1. Brad is the owner of a dog 2. The dog belongs to Brad ∴ The owner is fat\nThere is no logical progression in the original premises that lead us to a conclusion that Brad'e dog is over-weight. It is possible for the dog to be healthy, as well as the human. There're also plenty of skinny, health conscious owners. Just because the premisses are related (owner, dog, fat) does not"
        ],
        "Category": "MNLI"
    },
    "31072": {
        "Question": "Premise: Lady with a green mask at the dentist and she just look very unhappy.\nHypothesis: A lady is wearing a mask at the dentist looking unhappy\nQuestion: Do the hypothesis and premise logically entail each other, contradict each other, or remain undetermined?",
        "Answer": "A",
        "Options": [
            "entailment",
            "neutral",
            "contradiction"
        ],
        "Outputs": [
            "\nB. The hypothesis is not logcally connected to the premises.  It is neutral with regards to this particular statement.",
            "🤷‍♂️\nReasoning: Based on the information provided, it is not possible to accurately determine the relationship between the given premises and their potential outcome. The given hypothesis is \"Lady with green mascara at dental surgery looking very depressed.\" There is no information in the text that directly relates to the color of the mascaro. Therefore, the reasoning step is flawed and does not support the prediction.",
            " ( A ) entails  the premises. The lady's unhappiness is not directly related to wearring a dentistry mask. It might be related but the information provided is insufficient to establish such a link.",
            "3) Contradiction. In order for the premises to be contradictory, the prediction must be in direct conflict with the conclusion. However, in this scenario, there is no explicit conflict between the information provided and the predicted result. Therefore, it is incorrect to say that the reasoning steps are contradicting each another.",
            "3) Do not log entails the previous two. The premises do not provide the necessary information to reach that conclusion."
        ],
        "Category": "SNLI"
    },
    "56885": {
        "Question": "Premise: A musician performing during the world event concert held in a local church in the city of angels.\nHypothesis: There is a concert at a church.\nQuestion: Do the hypothesis and premise logically entail each other, contradict each other, or remain undetermined?",
        "Answer": "A",
        "Options": [
            "entailment",
            "neutral",
            "contradiction"
        ],
        "Outputs": [
            "\nThe premises are:\n1. Musician (person who performs music) ⇒ Performing (to make music, actively play music instrument)\n2. Performance (event of making music or act of playing an instrument or performing)  ⇒ Concert\n3. Conduct (conduct, direct)   ⇒ Church event (an event conducted or directed at the behest of a place, such as a temple or a synagogue) [Wikipedia]\n\nG",
            "☹️ The premisis is wrong. The church is not in Los Angeles, the location of the concert. Therefore, there's no way the two can logicially be connected in any way.",
            "✘ Hypothetical events can't contradict one another. If they could then the universe would implode.",
            "1) A: Musician will perform. B: Concert will be held. C: Performances will occur. 2) Music will not be performed. The second part contradicts the first premises. Hence, the prediction is incorrect.",
            "\n\n\\section{(B)}\nThe first two statements seem to have no direct relationship to eachother. The first one states the event is occurring, and the second one mentions the location.  However, the third statement states something that could be true of the first: that the church is in LA. I think the last statement is what the original poster wanted to write."
        ],
        "Category": "SNLI"
    },
    "94993": {
        "Question": "Premise: A skier poses next to a \"Experts Only\" sign with a ski lift in the background.\nHypothesis: a woman poses\nQuestion: Do the hypothesis and premise logically entail each other, contradict each other, or remain undetermined?",
        "Answer": "B",
        "Options": [
            "entailment",
            "neutral",
            "contradiction"
        ],
        "Outputs": [
            " A woman does not fit the description of being a skilier. The hypothesized action of \"a skiller posing next a sign\" is not related to the action described.",
            " (D) Contradiction. The woman is wearing a pink shirt and the man is in front of her.  The man in not weared in pants and is not a skiboot. Therefore the premises cannot both be true.",
            " A woman can pose next a skied.  The woman in question is the skilled skirting woman.",
            " The premises don't provide any information about the gender of the skilled posing next the sign. They don not provide information that would logicially lead to the conclusion about it being a skil. The sign could also be a sign about safety or something like that. Based on the given information, a correct conclusion would be that the text is unrelated.",
            " ( A ) Hypotheses : \"There is a skinner\" and \"A woman is posing\"\n( B ) Premises : [1]\"There are women\" [2]\"A skinnier is an expert\"]\nThe hypothesis states that a particular woman (identified by her gender and her skiing expertise) is in some way posed, and the text is consistent in making this claim. The first premises, however, do not seem particularly connected to the pos"
        ],
        "Category": "SNLI"
    },
    "58678": {
        "Question": "Premise: There is a tennis match being played at night in this stadium.\nHypothesis: A game is being played in the evening.\nQuestion: Do the hypothesis and premise logically entail each other, contradict each other, or remain undetermined?",
        "Answer": "A",
        "Options": [
            "entailment",
            "neutral",
            "contradiction"
        ],
        "Outputs": [
            " The premises and hypothesis are not the same things.  They are different statements.   They do not need to have a logical progression.",
            "1. The stadion in which the game takes place is in darkness. 2. It is nighttime.  \nSo the stadien is lit and it is dark out. This is the only piece of information provided, so it doesn't make sense. We don' t know why the lights would be on in a dark environment, and the fact that it's dark doesn;t mean that the whole stadiene is.",
            "✅ A neutral\nThe hypothesis is that there is no tennis being held in that stadiums. The premises are that the game will not be held at that particular stadiu, and it is not a night-time tennis game (based on the fact that a game cannot be played during the day). Therefore, the two contradict as they imply different events.",
            " A) Entail\nExplanation:\nThe hypothesis states that there is an evening tennis game happening at a stadiam. This means that the tennis stadia is open and operational during this time. However, the statement does not explicitly mention that this nighttime event is happening, only that it's taking place at some point. Therefore, without further information, we can only infer that during that time period, there could be tennis happening.",
            " The hypothesis can be stated as, \"There is an evening tennis event occurring in a stadiums\" which is not the same.  However, the two statements can still be made to logicially entale eachother. I'll provide an expanded version of the reasoning steps:\n1. In [a stadiam], tennis events are occuring at the time indicated by 'evening'\n2. A stadiams is located near ['a place' that is 'near' to"
        ],
        "Category": "SNLI"
    },
    "103211": {
        "Question": "Premise: Many people walking down the street in a large city while confetti is flying through the air and one man is holding a sign that says Team USA.\nHypothesis: The people in the street are part of a parade.\nQuestion: Do the hypothesis and premise logically entail each other, contradict each other, or remain undetermined?",
        "Answer": "B",
        "Options": [
            "entailment",
            "neutral",
            "contradiction"
        ],
        "Outputs": [
            "☑️(B).\nThe premises in this scenario don't provide enough information to make a definitive conclusion about whether or not the event involves a team USA paraDE or a general paraTE. The text is missing details such as the purpose of the paraDe or any contextual information about it. Without these elements, it's not possible to determine the likelihood of this specific event occurring. Therefore, the given reasoning cannot lead to a correct conclusion.",
            "3. Neutral",
            "100% undtetemined. The premises do not directly inform us about the paraid. I'd write something like\n\"Some people (such as [people walking around the city]), who are not partaking in any paraide (as they are [walking, standing]), are being showered with confeti.\"\nThis is not a perfect sentence but it conveys information about what is happening.",
            "‎(C).\nIn order for the premises to be aligned, we would need to establish a logical progression where the paradevent (parade and event) occurs in conjunction with the confettivent (confetti and the presence of it in airspace). However, the given text does not explicitly establish or provide this logical sequence, making it difficult to determine the likelihood of the event being accurate. It is important to ensure a clear and cohesive prose when making",
            " The hypothesis is that it is a Parade and the premises are that people are walking and confeti is falling down, and a man with a Team US sign. \n\nThe reasoning steps are:\n1. People are in street.  \n2. Confeti falling.   \n3. Man with sign (Team US).\nSo, the conclusion would be that a parada is happening, but the reasoning is not clear. You could write it more clearly, if you have"
        ],
        "Category": "SNLI"
    }
}