{
    "216802": {
        "Question": "Premise: I was suspicious still, and lay quite quiet for some time.\nHypothesis: I lay silent for a bit and was still cautious. \nQuestion: Do the hypothesis and premise logically entail each other, contradict each other, or remain undetermined?",
        "Answer": "entailment",
        "Options": [],
        "Outputs": [
            " Hypotheses:\n- I remained wary after laying quiet. (This seems correct based on the provided information.)\nExplanation: After being quiet, I continued to be wareful or cynical. This aligns with the information provided.",
            " The sentence is unrelated. The premises are not related at all, the hypotheses are unconnected.",
            " Hypothetically, if we assume that the premises are true and that I had been lying quietly and suspiciously for an extended period, it is logical to infer that something significant or potentially harmful would happen. However, without further context, the specific outcome or event that would occur based on the given information cannot be determined.",
            " The Hypothetical statement:\n\"I lay (quiet) for (a) bit (silence).\"\nimplies that there is an action taking place, but it is not explicitly stated what action this is. The action might be something benign, like resting or meditating, as in 'I took time to rest', or the hypothetically described action could be more concerning or sinister, such as a burglary. It is impossible to determine the context",
            " The text is unrelated. Based on the given information and reasoning, we cannot determine the likelihood of \"I was cagey for 6.3 seconds\" or any other specific outcome mentioned in your question from the provided text. The given text mainly emphasizes the situation and actions of a character lying quietly and being cynical, but it does not provide any information related to a specific length of time or the outcome of these actions."
        ],
        "Category": "MNLI"
    },
    "235805": {
        "Question": "Premise: 24/Seven pulls together the Slate features that are updated repeatedly throughout the  Our daily Diary; the e-mail give-and-take of The Breakfast Table and The Book Club and Dialogues about the pressing issues of the day; e-mail dispatches from hither and yon; as well as our Moneybox meditations on business, Chatterbox commentaries on politics, and Culturebox on ...\nHypothesis: Slate features are only available to premium subscribers of Slate.\nQuestion: Do the hypothesis and premise logically entail each other, contradict each other, or remain undetermined?",
        "Answer": "neutral",
        "Options": [],
        "Outputs": [
            " I can understand the text and find a pattern here.  The text is stating that Slide' features will be available only to Sledge subscriptions. It is not stating whether or not they are available for free. Therefore, the pattern is that the features of slide are not available unless you are a premiums subscriber.",
            "\nThe text is unrelated, as the mentioned information sources do not appear related to Slaté or Premium Memberships. Thus, it is unclear whether the text' explanation aligns with the context given in your provided text.",
            "\nNot sure, the question is unrelated and doesn't provide any information to evaluate the prediction. The given information doesn`t contain any relevant data about whether or not Slat features would only be available for premiums users or how they are being updated. So, it remains undecided whether the stated hypothesis is correct based on the provided information.",
            "\nYes. The text is unrelated. Based on the given information, there is no information or reason to suggest a relationship between the information and the prediction. Therefore, the correct prediction would be \"Slate does not have any direct relevance to this question.\"",
            "\nNot sure about this one, but based on the provided information, it is difficult to draw a direct correlation between the premises and the prediction. The provided text mentions the availability of \"Slate' features to \"premium\" subscriptions, without specifying which features or where they can be found. It is important to establish a clear and logical connection between these pieces of information to determine the accuracy of this prediction:\n1. \"21/Six\": The given text does"
        ],
        "Category": "MNLI"
    },
    "114314": {
        "Question": "Premise: On the other side of the road is Elijah's Cave, a venerable spot where Elijah hid from the irate King Ahab after wiping out his religion ( . )\nHypothesis: Elijah hid from King Ahab due to religious reasons.\nQuestion: Do the hypothesis and premise logically entail each other, contradict each other, or remain undetermined?",
        "Answer": "entailment",
        "Options": [],
        "Outputs": [
            " The text is unrelated. Based solely on the given information, there is no direct connection or mention of Elias or King Ahab. The information provided is limited to mentioning an Eclipsed Sun, which can be a reference to Ephesians 4:8-10. Without additional information and context, it is uncertain whether or not the prediction would be correct.",
            "\nAccording to your information and the information you have provided, it is likely that Elias hid in a cave on the opposite side from Ahmad and his kingdom. This assumption is based on Eli'ss actions and their relationship at the time when they were involved in an argument. However, the given information does not directly link their actions to a specific location, which makes it difficult to establish a clear connection between their hiding place and its relation to Aham'ds kingdom on one side",
            "\nNot sure I understand the question, but based on the information provided in both the Premise and Hypothetical, I can make a correct prediction regarding this event.  Here is an expanded version of each statement, highlighting any necessary changes for a coherent explanation:\n1: \"On the right side, in a location known as ELIJAH'S CAVE, there is information about a religious figure called Elias. This individual hid himself from a king",
            "\nThe text is unrelated. There is no mention of Elias or Ahas (or any other historical person) in a context related to religion. Therefore, this specific event is not related or mentioned in this text.",
            "\nNo. Based on the provided information, we can make a  prediction and evaluate how correct the prediction is. The  text is as follows:\nBased on historical and biblical records, it is plausible that Elias hid himself from Ahasuerus on a specific event. However, the exact location of their interaction has not been explicitly mentioned in any historical sources or in Elies scriptures, thus making the location uncertain. Therefore, based on this reasoning, there is"
        ],
        "Category": "MNLI"
    },
    "280600": {
        "Question": "Premise: (Note that there is a 95 percent chance that demand will be less than seventeen units next week'thus, if our buyer decides to stock seventeen units at the beginning of the week, the store should be able to offer a 95 percent order fulfillment rate on this SKU.)\nHypothesis: Last week there was a 97 percent chance of demand being less than seventeen units.\nQuestion: Do the hypothesis and premise logically entail each other, contradict each other, or remain undetermined?",
        "Answer": "neutral",
        "Options": [],
        "Outputs": [
            "\nBased on the available information, we predict that the demand for a particular product (SKU) on a specific day will not exceed a certain threshold, 7 units (as indicated by the given information).  This prediction is based on two reasoning steps:\n1. The information states that on previous occasions, demand fell short of 8 units on that particular day.  Therefore, it is plausible to assume that it will happen again.  \n2. On the previous occasion",
            "\nThe  reasoning is as follows:\nBased on the information provided by the document, we can predict demand for a specific SKUID for nextweek. It is important to note that the prediction is based on two different pieces of information. The first piece involves the  percentage of previous demand that was less thansemid units last week. This suggests that  the likelihood of a similar situation happening next  week is relatively high. However, it is essentialto ensure that this prediction align",
            "\nNo. Based on the information provided, we can create a more coherent and logical progression of reasoning to evaluate the correctness of each of these claims. Here is an improved version of your text:\nThe first premised event is \"Last week Demand for SKUs was less,\" and the conclusion from it is stated as \"Demand was likely to be low.\" This reasoning is not valid because the premises do not necessarily guarantee the occurrence of future events.  The",
            " No.  Here' why:\nThe premises provided are: 'Demand for XYZ was less in a previous time period', and 'If X stocks YZ at a certain starting point, then X will have an expected outcome of being available to ship at Y times in X days'.  Based on these two statements, we cannot make a conclusive prediction about whether demand for an SK U will decrease or not next time, unless there are additional information sources available in this",
            "\nNot sure what exactly is being asked here.  Can you rephrase the question?"
        ],
        "Category": "MNLI"
    },
    "218854": {
        "Question": "Premise: The Globe reports that comic Pauly Shore is terrified that his missing puppy has been eaten by coyotes, while Brad Pitt forces his overweight mutt to work out on a treadmill for 30 minutes a day.\nHypothesis: Brad Pitt sees nothing wrong with his dog's weight and allows him to laze around.\nQuestion: Do the hypothesis and premise logically entail each other, contradict each other, or remain undetermined?",
        "Answer": "contradiction",
        "Options": [],
        "Outputs": [
            "\nThe reasoning steps are as follows:  \n1. The newspaper TheGlobe reported that Paul Shor was afraid that their dog had been killed by a coynoteer.  2. BradPitt, on the other hand, made his dogs workout on tredmills for at least 90 mints.  (3)Brad Pitt made sure that the dogs he owned were not over-weighted.    \nNow the question is:   \nCan",
            "\nBrad Pitt is seen as the star of \"Troy\", and has a very busy life with movies, commercials, public appearances, interviews and endorsements. It is not unthinkable to me that Brad'll have a dog that is allowed to eat, but I do not consider this as a correct explanation to Pauli Shor'e concern about his own dog. The coywolf attack is real, it was recently in news and is happening in",
            "\nThe  prediction is that the hypothetical event of Brad Pitts' dog being euthenized will happen.  \nTo write out the reasoning steps:\n1. The report by The Glob states that Paul Shire is fearful that a coypu has eating his puppies.  This is true. (Globe)\n2. A coipu is an animal that can attack and kill dogs. This can be deduced from the fact that pu",
            "\nThe first premiser is flawed, as the \"Paul Shorer\" mentioned is not mentioned at all in \"The Glober\". The second premisi is incorrect. Based on the information provided, there is no evidence to support the claim that Brad Pit forces an overwieght dog to exercise. The third premisher seems to contradict the first two. According to The glober, Paul Shor is concerned about his puppies' safety, but there'se no mention of Brad",
            " The Hypothesys states that Brad is not concerned about his dogs weight, however, The Premise states Paul is fearful that coynes have eated his puppies.  This is unrelated to Brad.   Brad may be working out his pet dog to make it healthy or fit. However, the fear of coys eating your dogs puppets is out of Brad' scope."
        ],
        "Category": "MNLI"
    },
    "31072": {
        "Question": "Premise: Lady with a green mask at the dentist and she just look very unhappy.\nHypothesis: A lady is wearing a mask at the dentist looking unhappy\nQuestion: Do the hypothesis and premise logically entail each other, contradict each other, or remain undetermined?",
        "Answer": "entailment",
        "Options": [],
        "Outputs": [
            "\nYes. Based on the information provided by the given information sources, the reasoning steps can be adjusted to form a correct prediction as follows:\n1. Firstly, let's examine the first quadruple ('Lady', 'Wear a Green Mask', \"Dentist\"), which suggests that a specific person, a 'lady' wears a particular type of mask, green, at or near a dentistry location.  This provides us with information about a potential",
            " The text and the reasoning steps in the given text are as follows:\n\"Based on the information provided by the quadruple ['Lady with green Mask', 'Dentist', '-1', '$'], we can make the prediction that the Lady will be wears a MASK at Dentistry, where she will have a negative Emotion ['Dental visit', 2021-07-27]. Let's evaluate the correctness of this",
            "\nYes.  Here's an expanded explanation of each reasoning step:\n1: \"Lady wears mask to dental appointment.\"  The reasoning behind this step is that dentists often require patients to wear masks to protect against germs and disease. As such, it is plausible that the lady in question would also wear a protective mask while at her dentistry appointment. This step establishes a basis for the subsequent prediction.  \n2: \"(Not given)\"",
            "\nYes. Based on the information provided by the premises, it is plausible to predict that the Hypothetical Lady at Dentist will be wearning a Green Mask.  Here is the logical progression of reasoning:\nFirstly, the observation that a Lady was weering a Masc at dentists, as indicated by Premise 1. This establishes a general tendency of women wearring masks at such institutions. While this doesn't directly",
            "\nYes, the premises and hypothesis seem to be contradictory. Let me explain each reasoning step:\n1. The first premis is that a lady with green face mask is at dentistry. This implies that this situation occurred or took place. However, there's no mention of how she felt about being at this dental care institution. We don't know the reasons behind her visit to dentists, if it' was for an emergency or an appointment. 2."
        ],
        "Category": "SNLI"
    },
    "56885": {
        "Question": "Premise: A musician performing during the world event concert held in a local church in the city of angels.\nHypothesis: There is a concert at a church.\nQuestion: Do the hypothesis and premise logically entail each other, contradict each other, or remain undetermined?",
        "Answer": "entailment",
        "Options": [],
        "Outputs": [
            "\nThe hypothesis is that there is an event at the local Church of Angels, where a music band would be playing. However, the premises are not related and do not directly entangle each another. While the event is happening, it is unrelated to any specific Church. Therefore, there could be any Church, such as the Church in Angles or the Angle Churches, that are hosting such an events. Thus, these premisses doe not logistically or chronolog",
            "\nNot sure what the \"world event\" and \"city of an\" part are meant to imply, but the rest of it seems fine.",
            "\nYes.  Here's an expanded version of each step to make the text more readable:\n1) The premised text is: \"A young child is seen to be swallowing a piece of paper in his undergroud pool while watching a sign that reads  '3\\.5'.\"\n2) According to this text, the child was seen eating or drinking something that he/she had found in their pool. This is the basis for the subsequent hypothesis,",
            "\nBased on the information provided by the quadruple, it is uncertain whether the Hypothetical Concert in Los Angeles is true or false. The given information does not provide any evidence or reasoning to directly support or refute the accuracy of this claim. Therefore, the premises and the hypothetically derived conclusion remain unrelated.",
            "\nYes.  Here's an expanded version of each reasoning step with expanded explanation in brackets for better readability:\n- ['Concert', 'Church', City of Angels]\nThis step establishes the premises that a music concert is planned to take place in City Angles, where the church will host the event. The specific details of this concert remain undefined but we know that it is happening. This establishing statement allows us to make the next step. (Note:"
        ],
        "Category": "SNLI"
    },
    "94993": {
        "Question": "Premise: A skier poses next to a \"Experts Only\" sign with a ski lift in the background.\nHypothesis: a woman poses\nQuestion: Do the hypothesis and premise logically entail each other, contradict each other, or remain undetermined?",
        "Answer": "neutral",
        "Options": [],
        "Outputs": [
            " The first premiss is that the boy in swimwear is standing next a '3' sign, which is unrelated to anything else in this picture. The second premis is the same as your original, so let'�s focus on it. \nThe second hypothesized event states that \"a boy\" is \"swimming.\" The original premisse states a specific boy and not a boy, in general, therefore the original prediction is incorrect.",
            "\nThe woman is posing with the ski resort.  \nExcept that the woman in your original text is a different woman, as you have a photo of her with another person in it:\n<IMAGE>\nYou have the original photo and the corrected version below. ",
            " No. Based on the information provided by the premises, a correct prediction about the woman's pose would be made. The prediction is: \"Based on what the signs and information from the text say, the prediction that 'The woman will be in position (1) of a pose' is incorrect.\" Here is an explanation for each step:\n1. Sign states that the expert is prohibited from using the ski lifts. This implies that they should find alternative ways to reach the",
            " The reasoning steps are as follows:\n1. The Skier is seen next by the Experts-Only sign at the ski resort. (From the given information, the Skiller is standing next the sign)\n2. A Woman is also seen standing at this Ski Resort. This is supported by evidence from the picture where a Woman can be seen in front of a background of Ski lifts. \n3 .The Woman, along with the Ski Lifts are seen. Again,",
            "\nYes.  Here is the reasoning for each step of your prediction:\n1. The skater posing next a sign that indicates \"experience only\"\nExplanation: According to this reasoning, the sign indicates that the person who is posed next will have more experience in skiing compared to other skiers. This assumption might not be correct since the term \"expereince only” is not a specific indicator of someone's ability. It does not necessarily mean that"
        ],
        "Category": "SNLI"
    },
    "58678": {
        "Question": "Premise: There is a tennis match being played at night in this stadium.\nHypothesis: A game is being played in the evening.\nQuestion: Do the hypothesis and premise logically entail each other, contradict each other, or remain undetermined?",
        "Answer": "entailment",
        "Options": [],
        "Outputs": [
            "\nNot sure if this aligns with the correctness of your original text, but based on this information, the prediction would be that a night time tennis game will occur in that stadiums at that time.",
            "\nThe given information is insufficient to determine the likelihood of a correct prediction. The information provided does not establish a direct connection between the event of playing a game at evening and the specific situation of tennis being held in that stadiums during the night. Therefore, it is not possible to make a definitive judgment on the entailedness or contradictions between these two entities.",
            " The premises do not entails the Hypotheses, but a game could be being plaied at the staduim. \nExplanation2\nThe Premises provide information about the tennis stadia, the time of a particular tennis game, whether the game was played during the day or at nigh time. It is also mentioned that the players are men or women, which could potentially help us to predict the outcome of such a games.",
            "\nYes. Based on the information provided, it is plausible that the tennis game will be played after sunset. Here's a logical progression of reasoning supporting this prediction:\n  1. The match is scheduled to take place in \"a staduim.\" This tells us the location of where the game would be held. 2. It is noted that \"night\" has begun. This indicates the time of day at which the match will occur.  \n   \n3",
            "\nThe Hypotheses is: \"A boy swims underwater.\"  and the Premise is \"There is an Underground Pool next a  sign.\"\nNow the correct prediction would be: If a boy was to swim, he would swam next the sign and not on the other side of it.  But that's still not a valid prediction. It still remains undecided, because the information is not sufficient."
        ],
        "Category": "SNLI"
    },
    "103211": {
        "Question": "Premise: Many people walking down the street in a large city while confetti is flying through the air and one man is holding a sign that says Team USA.\nHypothesis: The people in the street are part of a parade.\nQuestion: Do the hypothesis and premise logically entail each other, contradict each other, or remain undetermined?",
        "Answer": "neutral",
        "Options": [],
        "Outputs": [
            "\nYes.  Here's an expanded version of each reasoning step, for better readability:\n1: People walking on the streets. This is a factual observation, there are people on streets of this city.  \n   (No conclusion can be drawn from this observation)\n2: Confetti falling from the sky. Again, this is another fact. Confettis are falling randomly in this particular situation. It is not relevant to establish any connections between the people and the conf",
            "\nYes. Based on the information provided and considering the additional information sources, it is indeed plausible that the people are involved in some type of paradev. Here is a  explanation of each reasoning step:\n1) People Walk Down the Street in Large City: This statement, while true, does not provide any direct information about whether it was a planned event or a coincidental gathering of people. Therefore, this information alone does little to support the specific prediction of \"par",
            "\nYes. Based on the provided information, it is plausible to predict that the \"People walking in street\" in question are participating in or viewing a local or national paraDE, where individuals are wearning costumes of specific teams. Here is a  explanation of each reasoning step:\n1. \"Many people are walking\" indicates that there is significant traffic of individuals moving around. This suggests that a public gathering, paraDe, is taking place. 2.",
            "\nBased on the information provided, it is plausible that the events described in both the hypothetical situation and the given context are related. Here is a  version of each scenario, ensuring a logical progression of reasoning:\n1. A parademon wears a costume that includes a hat with a logo of Team A. The parademoons, who often perform in parades, often wear clothing with logos of various teams. It is reasonable to assume",
            " Based on the information provided, the prediction is:\n\"Based on previous events, a boy swimmer is expected to participate in competitions involving other swimmers.\"\nIn order to make this correct prediction, it is important to establish a logical progression of reasoning. Let's analyze the given information sources to form a more coherent explanation:  \n1: \"A young Boy is seen swimming in pool.\" This establishes the fact that there is a sw"
        ],
        "Category": "SNLI"
    }
}