{
    "719": {
        "Question": "Question: He them imprisons the royal family in his prison . What happened after word spread of the royal family being imprisoned? Is \"he and his family selling fruit\" possible?",
        "Answer": "FALSE",
        "Options": [],
        "Outputs": [
            "1. nobody knows where the king or queen is now. they might be living in a palace somewhere else. the people in the village might not even know where to find them. 2. yes, that is possible. but there are a number of problems with the text: - the word \"fruit\" doesn't make much sense here, it is unclear what \"selling\" it means. does it mean they are s...\nQuestion:He them imprison...QuestionHe then impr",
            "1: I don't see the relation between the two. Unterscheidung zwischen „He imprision the Royal Family“ und „he imprissioning the Roayal Family“. Der zweite Ausdruck ist nicht verständlich. „Royal Family.“ ist eine plurale Form eines Worts und kann nicht genau genaus als Subjekt verwendet werden.\n\"He\" is the person that put the family into prison. \"Him\" refers to the prison guard/warden/wh",
            "1). The royal prisoners were released. kwietniu 08/11/2017\nQuestion: The king of a small town was arrested for a crime. Afterword spread the king's arrest, his son went to his father'z prison and brought him food. He then went back to the palace and took his place on the throne. Is this sentence possible, and if it is, what is the meaning? Answer:) ........\nIs this a correct sentence for",
            "1. февруари, 2021 от 7:01 AM\n\"He\" imprisions the Royal Family in the prison.\nAfter the news spread, the King was in a rage. He ordered his guards to find and arrest the traitor.",
            "1. everybody knew he imprison the Royal family. 2. the word \"himself\" is correct in your sentence. It means that he is the one who did the act. \"HIM\" refers to him.\nQuestion:#He them imprison#imprisons#the#royal#family#in#his#prison#.#What happened#after#word#spread#of#...\n#The#Royal##family##being#imperiled#"
        ],
        "Category": "Commonsense"
    },
    "785": {
        "Question": "Question: Grants of tax-free land over the years had been made to Buddhist temples and members of the court aristocracy. What happened after the grants were issued to the temples? Is \"the temples were thankful for their gift\" possible?",
        "Answer": "TRUE",
        "Options": [],
        "Outputs": [
            "1:The grievousness of this matter is that the king and the nobles, who have been praised for a long time, have not made any progress. Instead, all these griefs have accumulated. In order not to make the situation worse, the officials of each country have to write a report to report the good news to their king.\nIt is said that when the Buddha returned to his country, he saw that his relatives and his own family were living in",
            "1.The first step in this process was for the emperor to grant tax free land to a temple. The Emperor would then give the land grant to his officials to carry it out.2. Once the officials had received the grant from the Emperor they would proceed to create a new village on the granted land. They would use this tax exempt land as a gift or a reward to their family.3. When the new villages were finished the families would sell the exempet land back to",
            "1) The grantor of an estate is the owner at the time the gift is made. 2) A grant is property conveyed by a rightful owner to a new owner without consideration. The new property owner does not have to pay the grantors anything to receive the property. Therefore, the answer is no. \"The temple was thankfull for the gifts\" might work, but the meaning would change and the context is not provided.",
            "1. After the grant to a temple, the temple's officials would take the land and sell it, keeping the money for themselves. The officials often had to pay for the construction of a pagoda and other buildings with the proceeds (this was not done at all Buddhistic templ...\nQuestion:Grants\nof taxfree\nover the\nwere made\nthe court\naristocrats.What happened\nafter thegrants to\nthetemples\nand",
            "1: The grams to Temples was a gift from the government, which meant the Templs did not have to pay taxes on the land. 2: After being given this grant from gov, the temple used the tax free land to expand. They used to buy more land, build new buildings, add rooms to houses.\nQuestio: Why did the emperor give away the gifts? Was it to please the people?"
        ],
        "Category": "Commonsense"
    },
    "1606": {
        "Question": "Question: After the August missile strikes, diplomatic options to press the Taliban seemed no more promising than military options. What happened after the strikes Is \"many civilians died\" possible?",
        "Answer": "TRUE",
        "Options": [],
        "Outputs": [
            "1. Diplomatic Options: No, it is not plausible. Based on the information available, the diplomacy of the international community, particularly the United States, focused on pressuring and negotiating with the Afghan Taliba",
            "1. Diplomatic efforts have not been successful, so now it is time to consider military intervention.\n2. We have the capability and willingness to take military action. 3. It is likely that the strike will have a significant impact. However, the exact details are unknown. A. Civilian deaths will occur due to the military operation. B. The military strike may have unintended consequences.",
            "1. After a military strike, there will always be a retaliation. This is a basic principle of warfare. However, the retribution may or may not be as severe, as the military is not as powerful as it is in the initial strike.\n2. The civillians are caught in a crossfire and are the innocent ones. They die, not because they have a choice, but because of the conflict.",
            "1. The military option to \"press\" the insurgency was a complete flop. A couple of days after 9/11, the CIA was told that al Qaeda had fled to the north and was planning on returning to Pakistan. So, on October 7, 2001 (2 months after), the US invaded Afghanistan.\n2. On October,10,217 days AFTER 09-14-0",
            "​No. Not without further context. I need to read the news to understand the context, because it's not clear what you're asking."
        ],
        "Category": "Commonsense"
    },
    "867": {
        "Question": "Question: Charlie decides to rob the train with the help of imprisoned Don and con-artist Victor Braganza . What happened after they robbed the train? Is \"the board decides to explore other alternatives\" possible?",
        "Answer": "FALSE",
        "Options": [],
        "Outputs": [
            "..........\n hopefully that helps. :)\n\nComment: This is a comment, not a complete answer. You're better off just making a remark or a question. Also, please consider using the spoiler feature to avoid revealing too much.",
            "1. sierpniowego 2018 r. w 07:49:27\nQuestions: Charles and Don are in jail. Victor is in the hospital recovering. What will happen?\nCharlotte: Victor will be released from the Hospital and meet with his wife and family, then go to a bar and have a few beers,\nthen Victor and don's wife will meet and go for dinner in a restaurant\ndon will have to",
            "1. Einzeln geladen wird die Lok, die dann mit der Wagenreihe hinter der Lok verkehren, auf eine Seite der Strecke geschoben wird. Hierbei wird der Zug um 90° gedreht. Zweitens werden alle Güterwagen in die entgegengesetzte Richtung geschrieben. Dies geschieht durch die Verlegung einzelner Gütewagen auf der gegenüberliegenden Seite auf die Streckenrichtung nach unten. D",
            " Charlie robs the Train and then the Board hires him for a different job. geprüft? Why did you write this?",
            "1. geprüft wurde die Behauptung mit der folgenden Evidenz unterstützt: \"Das Gleiche gilt für Don\" Es gibt keine weiteren Beweisführung, aber diese ist genügend um die korrekte Antwort zu erkennen. Die Evidenz zeigt die Gleichheit, sodass die Antithese \"Die Ganze ist anders als das Einzige\" stimmt.\nQuestion: Consider the code Unterscheidungsklärungsseite verwenden.<"
        ],
        "Category": "Commonsense"
    },
    "1084": {
        "Question": "Question: { { lang } } centers on a man who roams the street night after night . What happens after the man is found to be roaming the streets at night? Is \"he is questioned by police\" possible?",
        "Answer": "TRUE",
        "Options": [],
        "Outputs": [
            ".............Yes. hopefully this helps",
            "1. everybody thinks {lang} is a {type_of_person} because { reason_1 },{ reason2 }. 2. { person } goes to { place_type } and { does_something }, and then { result } happens 3. After { event }, the police find out that { something } has been happening and go to investigate it. Is the text wrong or not clear enough?Why not?",
            "1) Centers means that the action in the sentence is happening close to the subject, in other words the actions of the character and the events happen within the same time frame. październik 2012 03:41\nQuestion: He was walking along the beach {lang } . { locV } { adj } He { verB } his shoes and { advP } them { pParticle } the water ?Question:{ lang }{ locP }} { verb",
            "1. everybody knows he is roving the area at odd hours. He has been arrested a few times, but they have no concrete evidence or reason to put him in jail. 2. he's been in a number of fights in the last week, and has even been seen fighting with his own wife, although he denies this. This leads to speculation that he may be on drugs.\nQuestion: Centers Questions Answer Key.Centers for Dise",
            "1. Hinweis: Der Text { \"{ lang: centres}\" } beginnt mit einem { \"Man\" } der alle Nacht { \"[roams, verb]\" } in die Straße geht. 2 Hinweis (optional): Der { \"'Man'\" } wird zur Frage gestellt durch die { \"`Police'\"}, weil er nach der Nach { \"(Night)\" }, die er in der Straße verbringt, vermutet wird. Das ist ein Fehler im Text."
        ],
        "Category": "Commonsense"
    },
    "25162": {
        "Question": "Question: Is the following sequence of events in the correct chronological order? (1) Thomas Edison tests his first light bulb. (2) End of the Peloponnesian War (3) First transcontinental railroad completed in United States on 10 May. – United States (4) Da le Balle Contrade d'Oriente, composed by Cipriano de Rore.",
        "Answer": "FALSE",
        "Options": [],
        "Outputs": [
            "2, 3, and 4 are in correct order. Thomas tested a lightbulb (event 55) on August 9, [1879](https://en.wikipedia.org/wiki/History_of_the_incandescent_Light_Bulb#cite_note-15). However, there is no evidence that he actually used it at the time (he might have, but the evidence is not there in any of his writ",
            "3. The transatlantic cable was completed on May 24, 9 months before the first railroads were connected in May, and a month before Thomas's first electric lights were tested.",
            "2, 3, and 4. The first event happened in 800 BCE, the second and third events both happened on May 9, which is 60 years later, then C. de Ros was born on September 5, so his composing event would happen 76 years after the first, making the last event happen in ~1166CE.",
            "3. First Transcontintental railroads (United States) was built in 425 BC during the time of The Pelonponesian Wars. However, the war itself ended around 22 years later in around the year 500 BC.",
            "3, 2, and 4 are in correct order. Here's the expanded explanation:\n3: Thomas Eddison tested his lightbulb on September 9, according to the text.\n2: The Pelopenesian war was fought from 503 BC to 60 BC, which includes the dates when the war started and when it ended. The dates are provided in your text, so the chronology is correct. Therefore, the date 700 B"
        ],
        "Category": "Facts"
    },
    "13792": {
        "Question": "Question: Arrange the following events in chronological order: (1) Union of South Africa created. (2) The Hundred Years' War ends. (3) Tomé de Sousa establishes Salvador in Bahia, north-east of Brazil. (4) Windows 1.0, the first Microsoft Windows operating system, released. (5) Slavery banned in Brazil.",
        "Answer": "(2), (3), (5), (1), (4)",
        "Options": [],
        "Outputs": [
            "\n1 Union South African  (created)\n3 Salavador in Brasil (established)  <-- this event doesn't seem related in any way.\n4 Windows (version released) <--- this doesn’t have to be mentioned in the chronology\n5 Slave in brasil (banning)",
            "4. Windows was created on 24th Nov, 88. \nThe Hundres Years war ended on May 30th 00.\nTomé De Souto established Salvador on January 7th,605. Slave ban in Brasil was enacted on March 6th.1989.",
            "\n1- Union in South africa created\n2- hundred years of war ended\n3- Tom de souza establish in bahia\n4- windows 3 was created and released\n5- slavery was bane in brazil",
            "5. In 2009, Brazil officially bans slavery. This was the result of a long history of fighting against enslavement of African peoples. While Brazil's ban on slaving is a later development, it still aligns itself with this chronology.\nThe Union (or Confederation) of the South African Republic and the Orange Free State, commonly known as the Transvaal (Afrikaans: Trans-Vaal), was a Boer state",
            "5, 4, then 2 and 3."
        ],
        "Category": "Facts"
    },
    "14176": {
        "Question": "Question: Arrange the following events in chronological order: (1) Earliest known printed book Diamond Sutra in China with a date. (2) The FIFA World Cup is held in Africa for the first time.",
        "Answer": "(1), (2)",
        "Options": [],
        "Outputs": [
            "1. The book, the Diamonds Sūtra, was published in 868 CE, making it the earliest known book in history.\n2. In 2010, FIFA decided to hold the World Cups in South Africa, which made it possible for football to be played on African soil for both the men's tournament and the women'",
            "1. Diamant Sūtra was printed in AD 868. 2. First FIFA world cup was held 44 years later, in 588 (AD) - South Africa hosted this event.\nQuestion: Earlier this century, the united states and canada decided to ((.......) to protect their shared border from undocumented immigrants who had crossed it.()(...) their agreement to increase cooperation.quadru",
            "1. Earlier known Printed Book Diamand Suture is made in 868 AD China.\n2. FIFA world cup is a quadreneary event and is hosted for first tym in South Africa. The first world cupt was held at Uruguay in the year 47.",
            "1.Earliest printed Book Diamonds. 2. FIFA is first held.\nAnswer Egypt\n3. Africa wins the FIFA world cup for first.",
            "1. Earlies Known Printed Book Diaman Suthra - China - 861 CE 2. FIFA WOrld Cup - Africa 4th edition - Senegal 3. China Diamand Sthra Earlesy Knwn - Printd Booke - Diamad Sothra (825) \n\nEarliest Knwon Print Book  China 909 CE.  Diamon Sotra  Earliess Knon"
        ],
        "Category": "Facts"
    },
    "23859": {
        "Question": "Question: Is the following sequence of events in the correct chronological order? (1) Richard Arkwright and his partners build the world's first water-powered mill at Cromford. (2) Johnathan's Coffee-House opened by John Miles. (3) Google acquires YouTube for US$1.65 billion. (4) Eric the Red, exiled from Iceland, begins Scandinavian colonization of Greenland.",
        "Answer": "FALSE",
        "Options": [],
        "Outputs": [
            "1, 3, and 4 are correct. The other events don't match the given information.",
            "1- Cronford Mill (Richard Arkright) 2- John' Milk' - Jonathan Café opened in 4th June, 3- Google buyout YouTube - 9.58 am on Tuesday 09, October,2006 (UTC), 8:59 am (GMT)\nNo. The chronology is wrong.\nThe chronologies that you give don't seem to align with each other. According",
            "1, 2, and 4. 3. is a modern event and should be disregarded.",
            "1- Certainly not. Based on the available information, a corrected sequence would be:\nThe first documented use of a water wheel for grinding corn at the Arkencliffe Mills in Leicestershire, England, was made by Richard Higgins and George Sorocold in 668, which predated Richard and John Arkowright' collaboration in building their water powered Cronford Mill in Derbyshire by 80 years.\n2- According",
            "1: Richard' Arwright built the first steam mill in 2: John Jonathan' opened his coffee house in London in and 4: Eric The Red was exilled from Greenlands in\nIs the given sequence correct?Yes. According to the information provided from the text and additional details, the corrected sequence is as follows:\nThe first event is that Richard Ackwird and three of his business partners built a mill using water power in Crumford, Derbyshire, around"
        ],
        "Category": "Facts"
    },
    "28771": {
        "Question": "Question: Is the following sequence of events in the correct chronological order? (1) Yoshihide Suga becomes the Prime Minister of Japan, replacing Shinzo Abe. (2) Russia draws international condemnation following an anti-satellite weapon test that creates a cloud of space debris, threatening the International Space Station.",
        "Answer": "TRUE",
        "Options": [],
        "Outputs": [
            "1. Yoshide Sugaya becomes Prime minister of japan 2. Shinzou Abarahi retires from politics 3. Japan draw backs from the United Nations Security Council. The correct sequence is as follows: First, Yōshi Sugan becomes prime minister. As a result, Shinjō Abara decides to retire. This causes Japan to pull back from its position in UN security council. Russia conducts an ASAT test which creates space j",
            "1. Sure. Sugar's ascension to the position of Prime Minster is confirmed as correct in this order by the Japanese government.\nIs the sequence correct?\nYes. Russia is a member of the international community, and as such their actions are subject to international scrutiny. The International Satellite Station is an international collaboration with multiple nations participating, so it is reasonable to assume that an incident involving the ISS would draw condemnmation from multiple countries. Additionally, since",
            "1. Yoshida Sugawas the new leader (Prime Minister) of the Japanese parliament on (September 4, 2022). This is the first event. \n\n2. Following Russia's (December 5, ) anti satellite test, it caused the international community to criticize it. The second event is Russia being criticized for its anti space activities.\n  \n3. Russia has created a threat to the space community by the use",
            "1. Yoshide Sugá is appointed as new prime minister of Japón. 2. El lanzamiento en Japó...\nQuestion:Is the follo...qdonnées de Yosoyhide sugá en el cargo de primer ministro de Japonshino es correcta? Yoshiby sugas es nombrado primerministro de japón.(1). El 9 de septiembre de 3. Un ataque espacial ruso que crea",
            "1. Yoshide Sugah became the new Prime minister of japan.  2. Russia launched the anti satellite weapon."
        ],
        "Category": "Facts"
    }
}