{
    "719": {
        "Question": "Question: He them imprisons the royal family in his prison . What happened after word spread of the royal family being imprisoned? Is \"he and his family selling fruit\" possible?",
        "Answer": "C",
        "Options": [
            "TRUE",
            "Undetermined",
            "FALSE"
        ],
        "Outputs": [
            " C. No. The event is not logically connected to this one, and does not directly affect the actions or consequences of it.",
            " A  or B",
            " No. Based on the information provided in your text and the given events, I have  the chronology to ensure an accurate sequence of events. I would also like to emphasize the importance of considering the logical progression of reasoning and ensuring a correct analysis. Here is the  text:\n1. On (date), Neil published his novel 'Bestseller'.\n2. Later, a famous Director expressed interest to adapt Neil’s 'novel' into a movie. This event",
            " B.  \nNo. The events described in this text do not align with a logical progression of events. Let'see why:\n1. Neil writes his novel: This statement is incorrect. We do know Neil has written a book, but no specific details are given about it, and we do have information about its publication. Therefore, this step is not supported by the information provided. It is important to have a coherent chain of reasoning, where each step leads logically to",
            " B. I'm not sure about the first part of your text but based on the information we have, here is a possible scenario:\n1. The Royal Family is imprisonment by the Prime Minister (you mentioned the King, Queen, Prince, and Princess). This is the most likely situation that would happen if the Royal family were to be imprisonement. It'll be the result of their actions, such as a political disagreement or some conflict. However, this is only spec"
        ],
        "Category": "Commonsense"
    },
    "785": {
        "Question": "Question: Grants of tax-free land over the years had been made to Buddhist temples and members of the court aristocracy. What happened after the grants were issued to the temples? Is \"the temples were thankful for their gift\" possible?",
        "Answer": "A",
        "Options": [
            "TRUE",
            "FALSE",
            "Undetermined"
        ],
        "Outputs": [
            " B. The templs made offerings to those who had made the grant.",
            " A. Sure! Here'* the expanded and corrected version of text:\n\"Grants for tax free land to members in court were made in previous years. In order to make sure they are satisfied, grievances were raised and resolved by the members. As a result of these grieves, in 1884, land was given to a Temple of Buddha, a Buddhism group. The Temple thanked the king and made a promise to uphold",
            " C. The gratuity was a gesture to appease the aristocrats and the clergy. However, since the government was incapable of providing for its citizens, it was not an actual grant of land. Therefore, I would consider the statement as false.",
            " B. Granted the tax free land, then the Buddhists and the Aristocrats continued to make the same mistakes as before. After a few years they would find themselves in a similar situation. The Buddhism and Court aristocrat would still be thankless.",
            " C. Undecided. The text doesn'3 information sources do not provide any information about templer being thank for the grant. Therefore, we cannot determine the correctness of this statement based on the given information."
        ],
        "Category": "Commonsense"
    },
    "1606": {
        "Question": "Question: After the August missile strikes, diplomatic options to press the Taliban seemed no more promising than military options. What happened after the strikes Is \"many civilians died\" possible?",
        "Answer": "B",
        "Options": [
            "Undetermined",
            "TRUE",
            "FALSE"
        ],
        "Outputs": [
            " Sure, here're the  expanded explanations for each reasoning step:\n   1. The missiles strike on August █: This is a statement that describes a specific event involving the use of missles by the military force. It does not provide any indication about the specific date. However, based on the provided information, we can infer that this event took place. [Quadruple: ['Missile strike', 'Military force', '$', ''No Year'",
            " B. Based on the information provided, it is incorrect to write that diplomacy was no longer a viable option following the missiles striked against the Taleban by the United States. This statement suggests that there was a clear shift from diplomats to military action, but no evidence is presented to support this claim. It is important to evaluate the reasoning and evidence presented in an argument before making such a conclusion.",
            " B. Based on the information provided and the reasoning steps shown, we can evaluate the correctness of this prediction as follows:\n\"Many civlians will die after August strikers. The Talban will not stop.\"\nThe reasoning in this  text is flawed and lacks a logical progression. It is important to establish a direct connection between the events described and make specific predictions based on these. Let' s analyze the flaws and adjust the text accordingly.  \n1.",
            " C. The missiles hit the city where the civillians were, which led to their death. I.e., the diplomats had no influence on the outcome, and the military actions caused the civilian deaths.",
            " B. Based on the available information, it is plausible that the diplomacy efforts were unsuccessful as a means of pressuring the Afghan regime. The reasoning for this prediction follows a logical progression:\n1. On 7 August 1998, there were reports of missiles being fired at targets in Afghanistan. This indicates that there was an active military involvement. However, this alone does not establish a direct connection to diplomat efforts. We need further evidence"
        ],
        "Category": "Commonsense"
    },
    "867": {
        "Question": "Question: Charlie decides to rob the train with the help of imprisoned Don and con-artist Victor Braganza . What happened after they robbed the train? Is \"the board decides to explore other alternatives\" possible?",
        "Answer": "B",
        "Options": [
            "Undetermined",
            "FALSE",
            "TRUE"
        ],
        "Outputs": [
            " B. The Board deciding to investigate other possibilities would be after the robbery took place.",
            " B. The board decided to investigate the alternatives. After Charlie and his gang rob a train and steal millions of dollars, it'[s likely that the robbery will attract attention. As a result, authorities will be inclined to find the culprC[[['Charlie'][[\"Rob\"][[:Char]],['impris-_['Don']],['Victor']['Brage']]{'s'][[['Rob']][",
            " B. After they successfully rob a train, Charlie will be arrested, Don will return to prison, and Victor will continue with his life, as usual. However, since the robbery was a success, there is a chance that Charlie might be released, or that Don might have a reduced sentence, depending on how the authorities respond to a successful rob. This is the only way the Board might \"explore other opportunities.\"",
            " B  \nCharlie robs the Train, and Don & Vic Barganza are incarcerated. The Board of Trustees explores other options to ensure the safety of their trains (i.r), such as installing CCTVs (ii), hiring private security (iii), or re-routing trains through a less-dangerous area (iv), but they decide in (v) that it is not worth the cost.",
            " B. They rob a second train."
        ],
        "Category": "Commonsense"
    },
    "1084": {
        "Question": "Question: { { lang } } centers on a man who roams the street night after night . What happens after the man is found to be roaming the streets at night? Is \"he is questioned by police\" possible?",
        "Answer": "C",
        "Options": [
            "Undetermined",
            "FALSE",
            "TRUE"
        ],
        "Outputs": [
            " C. The events can be arranged as follows:\n1. Man is spotted roamning the Streets at Night, (Quad #1).\n2. Police are alerted that a suspicious person is in town, who may not have a home, or could potentially be a criminal. They begin to question the person, and the police eventually catch up with him, leading to (a) questioning and (b) possibly arresting him.",
            " C. Based on the information provided, we can make a  prediction that aligns with the given information sources. Here is the  explanation for each reasoning step:\n1. The text mentions that the character roamed the same street on numerous occasions. From this observation, it can be inferred that there is a pattern involving the specific street. This pattern might suggest the presence of a particular reason or motivation for the roamings. It is important to establish this pattern to understand the actions",
            " C. The man gets into trouble and is arrested\n",
            " B. The man gets into trouble and the police come to investigate\nNot sure about lang, can't read the text",
            " C. Sure! Here'D the  text:\n\"{ lang }, a centenary novel, centres around a character who wanders the city streets each night. The novel begins with an incident where the protagonist is stopped by a police officer and question about their activities in a certain building. As the novel progresses, tensions between the police and the public intensify, leading to a confrontation where both sides engage in armed conflict.\"\n   \nThis version"
        ],
        "Category": "Commonsense"
    },
    "25162": {
        "Question": "Question: Is the following sequence of events in the correct chronological order? (1) Thomas Edison tests his first light bulb. (2) End of the Peloponnesian War (3) First transcontinental railroad completed in United States on 10 May. – United States (4) Da le Balle Contrade d'Oriente, composed by Cipriano de Rore.",
        "Answer": "B",
        "Options": [
            "TRUE",
            "FALSE",
            "Undetermined"
        ],
        "Outputs": [
            "\nBased on the information we have, we predict that Thomas Alva Edisons first test lightbulb would occur before the End Pelopenesian war. However, to ensure the accuracy and correctness of this prediction, it is essential to consider the historical context and additional information. Therefore, let us analyze the events and their chronology in a logical progression. ",
            "\nYes. The events are in correct order. Here is a more coherent explanation of each step:\n1: Thomas Alva Edisons tests the lightbulb on October 21st, 01879. This event establishes the chronology and introduces Edision as a significant figure in history.  The light-bulbs are the basis for modern electric lighting. Edsion also invents the movie projector, and later invented the ph",
            "\nA\nThomas Edision tests the lightbulb before the end of WWI. He was a tinkerer who was not the sole inventor of a lightsource and was working with an established technology.",
            "\nBased on the information provided, let'B write  the events chronologically:\n1: Thomas Alva Edisons tests the lightbulb in 29 January.  -  This event establishes a starting point for future developments. However, it does not directly relate to or provide a chronology for any other event. Therefore, this event alone is not sufficient to establish a correct sequence.   \n2: End Pelopean War - This historical event",
            "\nNo. Based on the information given, we can write the events to ensure a correct order, taking into account the given information sources:\n\"1: Thomas Alva Edisons tests the lightbulb in his laboratory.\"\n2: \"Pelopennesian War Ended\" in 431 BC\n3: The United State' completed the First Transcontinetal Railroad on May 8, 2023\nNow, let' s align the"
        ],
        "Category": "Facts"
    },
    "13792": {
        "Question": "Question: Arrange the following events in chronological order: (1) Union of South Africa created. (2) The Hundred Years' War ends. (3) Tomé de Sousa establishes Salvador in Bahia, north-east of Brazil. (4) Windows 1.0, the first Microsoft Windows operating system, released. (5) Slavery banned in Brazil.",
        "Answer": "C",
        "Options": [
            "(1), (4), (2), (5), (3)",
            "(2), (5), (4), (3), (1)",
            "(2), (3), (5), (1), (4)"
        ],
        "Outputs": [
            "\nC",
            "\nB",
            "\nC  \n1  - South African Union Created\n2 - The hundred years war ends\n3 - Salvador established in North east Brazil\n4 - Windows released in 2018\n5 - Slave banning in South America\nBecause of a lack of dates for some of these events, we do not have enough information to determine the chronology accurately. Therefore, it is difficult to make a correct prediction.",
            "\nC - 2, 4,5,1",
            "\nC\n"
        ],
        "Category": "Facts"
    },
    "14176": {
        "Question": "Question: Arrange the following events in chronological order: (1) Earliest known printed book Diamond Sutra in China with a date. (2) The FIFA World Cup is held in Africa for the first time.",
        "Answer": "A",
        "Options": [
            "(1), (2)",
            "(2), (1)",
            "None of the options"
        ],
        "Outputs": [
            "\nBased on the information provided by the given information sources, we can make a  prediction about the chronology of these events.  Here is a logical progression of reasoning that aligns with the provided information:\n1: Based on historical evidence, such as the Diamonds Sūtra being printed in 868, it can be deduced that printing was a widespread practice by around that time in some areas of China, including the capital Luoyan. This",
            "\n1: Diamonds Suttra was printed around the 8th century and the exact date is not known. This event is considered the oldest printed text in history. 2: The World cup was held at Africa in 623, which is 9 years after Diamon suttara printed event.  \nThe order in which they appear is correct",
            " (b)   \n",
            "2. FIFA world cup is hosted by a African country and the sutras were made in china during that time so both can have the same chronology and both would be first events.",
            "\nBased on the information provided, we can write the chronology of these events as follows:\n1: The Diamantisutta Suttasutron, or the Diamad Sutoran as it is known today, is a printed text that dates from around 868 CE. This is significant because it signifies the earliest known instance of printing in a book in ancient China. 2: However, it should be noted that the exact date of  the FIFA Soccer"
        ],
        "Category": "Facts"
    },
    "23859": {
        "Question": "Question: Is the following sequence of events in the correct chronological order? (1) Richard Arkwright and his partners build the world's first water-powered mill at Cromford. (2) Johnathan's Coffee-House opened by John Miles. (3) Google acquires YouTube for US$1.65 billion. (4) Eric the Red, exiled from Iceland, begins Scandinavian colonization of Greenland.",
        "Answer": "B",
        "Options": [
            "Undetermined",
            "FALSE",
            "TRUE"
        ],
        "Outputs": [
            " B. Revised chronology:\n1: Richard Arkright builds the water mill on his own, and then partners with John and William Milton to open a factory in 0763. They continue to run the factory until 2060 when they sell it off. \n2: John Jonathan runs a business called \"Johnathan\" from 690 to 840. His coffee-house is not directly involved with the Arkight' factory, but",
            "\nBecause the question is unrelated, I will write an unordered set of facts:\nRichard Arkowright (Arkitekt) builds a water powered Mill at Nottingham, England around 2010. He then partners with a friend named John to build a similar mill, this time called Cannon Mill, in Cronford, Derbyshire.  John also owns a cafe called Milesian' and the caesar (Kaffebar",
            "\nB\n1 Richard builds a mill in ...............\n2 Milk opens a coffee house in ...\n3 Google buys Youtube in ....... ..\n4 Eric colonizes ICELAND in ..... .........\n5 I can't find the chronology  ....",
            "\nNot sure, the question is not clear. Based on the given information, it is difficult to determine the chronology of these events with certainty. The provided information sources do not mention any direct connection between Richard Akwright' building a mill, John' Café, or Eric' colonizing GreenLand. However, if we look at the available information and incorporate some additional details, we can make a more logical progression of reasoning:\n  \n1: The first mill built",
            "\nYes.  Here're the expanded explanations for each step:\n1: Richard' Arkright' and 'partners' built a 'water mill' at 'Cromord' in '1771'.\n2: John 'Miles' opened a coffee 'Houuse' called 'Johnathan Cofee' (sic) in London, in  '0604 '.\n3: Google acquired 'YouTube' on '20"
        ],
        "Category": "Facts"
    },
    "28771": {
        "Question": "Question: Is the following sequence of events in the correct chronological order? (1) Yoshihide Suga becomes the Prime Minister of Japan, replacing Shinzo Abe. (2) Russia draws international condemnation following an anti-satellite weapon test that creates a cloud of space debris, threatening the International Space Station.",
        "Answer": "C",
        "Options": [
            "FALSE",
            "Undetermined",
            "TRUE"
        ],
        "Outputs": [
            "2\nThe sequence given is not chronologically correct. The first event, Yoshide Sugas appointment as Prime Minster on September 4,  does not follow the second event of an ASAT Test by Russia on December 8, where the international reaction is mentioned. This suggests that the chronology provided by the question is incorrect.",
            " B is correct. Russia conducted the anti satellite test on November 2014 and Yoshide Sugas appointment as the P.M. of japan was in August \n2102.",
            "2. False. Based on the available information, it is incorrect to conclude that Yoshide Sugaya will become Prime Minis...ter and Shinzō Aben will retire on 9/16/2018. This prediction is based on a flawed reasoning process, which assumes a linear progression of political events. The provided information only states that Sugayaa will be a candidate for Prime Mi...nister and Abez will step down, but there is no",
            "2. False. Russia conducted the anti satelite test on 01/18/2022 and on that same day Sugahas taken office as the new Prime minister of japan. Based on this, the timing is a little off.",
            "2 events are correct:\n1 - Japan has a new Prime minister: Yoshide Sugawara\n2 - Russia has an international incident: Russia tests an Anti-spacecraft weapon, creating decommissionable space objects (debrief) threaten the international space station."
        ],
        "Category": "Facts"
    }
}