{
    "30310": {
        "Question": "Question: The text calls for \"detailed modalities that ensure the parallel elimination of all forms of export subsidies and disciplines on all export measures with equivalent effect.\" HONG KONG, Dec 17 , 2005. What is the relationship between the event 'calls' and the time 'Dec 17 , 2005'?",
        "Answer": "INCLUDES",
        "Options": [],
        "Outputs": [
            " The document calls to ensure that all of these actions occur on  the exact same date as the export discipline on equivalent effects,  December 3,  2909. \nNot sure why this is marked as wrong though, I'm sure that's the intent of what' s written.",
            "\nNot sure about the first part, it seems to me it's wrongly written. However, based on your provided information, I've made the necessary adjustments and expanded each event in order to understand how they relate and what they imply. I have also included the reasoning steps for each of them:\n```\n1: HUMAN RIGHTS ORGANIZATION - 9/5/2101 - The organization made a statement.  \nExplan",
            "\nNot sure, it's unrelated. Based on your information, \"HONG_KONG\" is not mentioned in either the text or the quadruple. Therefore, any events or relationships mentioned regarding that location would be considered unreliable or uncertain.",
            "\nBased on a given text, let's rephrase the questions, so they can be easily understood. I've added the necessary information where required.  Here're the  text and explanation for each step.S\nStep ['The blazing was', 'fire', ['burned', '', '5 hours']],['Blazer', ''], ['Witness',  ['Civil defense worker', [], 'Backed'], 'Helic",
            "\nThe text refers to an event where Hong Kong, China makes a call for detailed modalites on December 9, 4567. However, based on this information alone, we cannot determine the exact nature of this event or the context surrounding it. "
        ],
        "Category": "TempEval-3"
    },
    "87281": {
        "Question": "Question: Addressing the opening plenary session, Vietnamese President Nguyen Minh Triet said ABAC has made great contribution to speeding up trade and investment facilitation and liberalization, and strengthening cooperation among economies in the region. What is the relationship between the event 'Addressing' and the event 'said'?",
        "Answer": "BEFORE",
        "Options": [],
        "Outputs": [
            "\n   Nhuệ Minḥ Tríệt: \"Để từng ngay trong nᵒi sặc nhὅng, vậ́u nài kṩ͗i, khiêm trḕ̀ng cᴚ̣i cởu, nhuật triệ̣t tợc̣y đ͕᷀u�",
            "\n\"On the 23rd of November, President Trần Đức Lập addressed the Opening Plenaries of ABBA.\"\n- Quoted from https://en.wikipedia.org/wiki/Abac_(ASEAN)\nAccording to this information, TrànĐỨC Lâp, then Vietnam's President, made a speech addressing ABAB'S Openings Plenum.  \n  ",
            "\nThe text suggests the order is correct, with the exception of 'speeding'.\n\"Addressed the Opening Plenaries\" would be the first event, followed by \"Said\".\nThere is no need to re-arrange the sequence of events as it is already given in a clear and correct format.",
            "\n   Ngun Min Min Triat addressed the opener pleny session in Vietnam, where the Vietnam Presidents said that abac has been a great contributor in speedening up the facilitating trade,  liberalizing investments, strengthen regional cooperations.",
            "\nThe opening line of text is: \"Address the plural noun, which is 'Opening Plenarian.'\"\nAccording to this, \"Open the Plural Noun\" and \"Make Contributions to\" are correct."
        ],
        "Category": "TempEval-3"
    },
    "20347": {
        "Question": "Question: Mao Asada also reached the elite six-women Grand Prix Final with her victory at Paris and runner-up finish at Beijing, but at age 15 she is ineligible for the Olympics. It's wonderful that three of us from Japan qualified for the Final,\" said Ando, who will be 18 on the last day of the GP Final. What is the relationship between the event 'reached' and the event 'qualified'?",
        "Answer": "BEFORE",
        "Options": [],
        "Outputs": [
            "\nMao Asuda also won two major tournaments. One being the Grand prix final and another being at the olympic games. This means she has met the requirements for qualification for both events.  \r\nNow since Anda has stated she qualified the \"final\" but is not old enough for olympics, this suggests that she also met qualifying requirements at a different event.",
            "\n- \"Mao Asado also qualified\" or \"Reached the final\" are equivalent\nExplanation of equivalence between two events:\n\"Reach\" means to reach a specific destination or target, like \"qualify for a race\", \"get the top score in a test\", or to \"achieve something\".\nTherefore, if you write \"X also Y\" and both X and Y are actions, then they are both equivalent. However, when Y means something like",
            "\nReached the Elite Grand prix in Paris, runner up in Bejing. 2nd Place in Grand-prix in  Paris. Qualification into the Grand Finale.",
            "\nReached is past tense and Qualified is present tence. They are unrelated.",
            " Reached implies some progress has been made, such as reaching the finals of some competition, tournament or event. Qualified suggests that a person has successfully passed some qualification exam or test or has gained some certification or qualifications. Therefore, \"Reached the Grand-prix final\" is incorrect, and it is more accurate to write \"Qualified for Grand prix final\"."
        ],
        "Category": "TempEval-3"
    },
    "46462": {
        "Question": "Question: \"I am here until 2010 and I hope to win the Champions League again,\" added Sagnol. MUNICH, Germany, Dec 20 , 2006, 2006. What is the relationship between the event 'added' and the time 'Dec 20 , 2006'?",
        "Answer": "IS_INCLUDED",
        "Options": [],
        "Outputs": [
            "\nThe event that 'adds' is referring to Sagna's comment of 'I hope ...' which is an expression of his desire or wish for something to happen in future. Therefore the date  '29/07/21' should not be used as it indicates the past tense. However, we could write  `'I ... in  ...., and hope for ...'` and this would be a correct interpretation.",
            "\nNot sure, it is an unrelated question",
            "\nThe text is unrelated. Based on this information alone, it is not possible to establish a direct relationship or connection between \"added\" and \"23.0\" in relation to \"hope\" or \"win the champions league.\" Without additional context, we cannot ascertain the significance or implications of these events or the reasoning behind the text.",
            " The relationship of 'adding' the statement to  the text is an error in timing.  Based on information provided by the given information sources, we predict that Sagna will be at the club until December, and will not retire until the end of this year. However, based on their given dates, it appears that they will retrospectively add the information that he plans to retrive in January, which is incorrect. Thus, while the prediction is correct, I would write the explanation",
            "\n    Sagnaol said \"i will be here in Munich until the year  -->  '2'0'1' --> '0'\"\nThe text is unrelated."
        ],
        "Category": "TempEval-3"
    },
    "8034": {
        "Question": "Question: When the rebels captured Kasenga, 200 kilometres (125 miles) northeast of Lubumbashi at the end of March, they also went through Zambia to catch the Zairean soldiers from the rear, according to informed sources. What is the relationship between the event 'went' and the time 'the end of March'?",
        "Answer": "IS_INCLUDED",
        "Options": [],
        "Outputs": [
            "\nZambian rebelling group crossed over into the Democratic Republic of Congo to take on and defeat an opposing group of Zairian soldiers at Kasengu, then, as the oppositional Zain army regrouped, Zairois soldiers retreated to Zimbabwe through the country of, or in, (Z)ambi.  This is my understanding of their movements.",
            "\nThe information sources provided the information about the events, and then the writer expanded on it.  Here is an expanded version:\n\"The rebellious group of Kasonga captured a city in Zimbabwe in  March. This information was provided by an informed source. Subsequently, on 1 April, when the soldiers of Zareb captured the nearby city of Sambiza in a rear ambush, it was confirmed that Kasogga had indeed made their way through",
            "\nThe Zairian soldiers retreated at some point in march. ",
            "\nThe rebuls captured the city of Kasenge on March 30th, and then they continued on and took the town of Zanzia on April 1st. ",
            "\nThe event \"were caught\" occurred on a specific date, \"end of march\" and it took place in Zanzibar.  The event where the \"Zaireans caught the soldiers\" also occurred specifically on \"March 30,2109\" in Congo.   \nTherefore, there is no specific relation between these events."
        ],
        "Category": "TempEval-3"
    }
}