{
    "30310": {
        "Question": "Question: The text calls for \"detailed modalities that ensure the parallel elimination of all forms of export subsidies and disciplines on all export measures with equivalent effect.\" HONG KONG, Dec 17 , 2005. What is the relationship between the event 'calls' and the time 'Dec 17 , 2005'?",
        "Answer": "A",
        "Options": [
            "INCLUDES",
            "IDENTITY",
            "IMMEDIATELY AFTER"
        ],
        "Outputs": [
            " C. IM\n\"Detailed Modalities\" is an expression, which means \"explain details\". \"Parallel elimnation\" means both countries are working to eliminate the subsides at the same time (not after each other).",
            " C.  It seems the text is not referring to any particular time, just making a general statement about the future.",
            "\nNot sure, need more context.",
            "\nThe document is about the World Trade organization and it specifically mentions that Hong Kong made a document in December 01, 30 years before.  The document calls on other countries to take action in parallel, and also suggests a time limit of  \"No later than Y  28 June\"\nNot sure why you have the wrong dates, I don't see a reason to believe that these dates would not be correct.",
            " C. Parallel implies occurring at the same time.  Therefore I would read this as the text being about the call happening at that specific time, and then the events being carried out at some other time which is not mentioned."
        ],
        "Category": "TempEval-3"
    },
    "87281": {
        "Question": "Question: Addressing the opening plenary session, Vietnamese President Nguyen Minh Triet said ABAC has made great contribution to speeding up trade and investment facilitation and liberalization, and strengthening cooperation among economies in the region. What is the relationship between the event 'Addressing' and the event 'said'?",
        "Answer": "A",
        "Options": [
            "BEFORE",
            "INCLUDES",
            "SIMULTANEOUS"
        ],
        "Outputs": [
            " C.  The event \"Addressed\" the \"Opening Plenaries\". This is an instance where the action of addressing precedes the speech itself.",
            "\nB. 'The opening session was held by the Vietnam President'. It is important to note the sequence of events. First, Nhu Minhtriet held a speech, addressing a pleneary meeting. Then, a meeting is conducted, with all attendees present for a session. Therefore, option B is correct.",
            " A\n  ",
            " B",
            " B"
        ],
        "Category": "TempEval-3"
    },
    "20347": {
        "Question": "Question: Mao Asada also reached the elite six-women Grand Prix Final with her victory at Paris and runner-up finish at Beijing, but at age 15 she is ineligible for the Olympics. It's wonderful that three of us from Japan qualified for the Final,\" said Ando, who will be 18 on the last day of the GP Final. What is the relationship between the event 'reached' and the event 'qualified'?",
        "Answer": "B",
        "Options": [
            "SIMULTANEOUS",
            "BEFORE",
            "IS-INCLUDED"
        ],
        "Outputs": [
            " D\nBecause the text is wrong. Based on your given information, Andou did not \"reach the Grand prix final\". Maasuda and Andoh qualified and Maasa did the same. So the correct order of events is:\n1. Maaasa reach the grand prix Final\n2. Andoa reach GP finals\n3. Both Andaa and Msuda reach GF\nSo the  text: \"Based on this information from the given text, Ma",
            " C. Qualified for GP final and then reached olympic standard.",
            " B. She reached a Grand-Prix Final (i.e. won a place in it). Then, at the final, Andi reached another Grand prix Final and then qualified. So it was the second time she qualified, and that'd be the reason she said it'",
            "\n",
            " C. Reached means to arrive, qualify means be a qualifier. They do not necessarily relate to each other."
        ],
        "Category": "TempEval-3"
    },
    "46462": {
        "Question": "Question: \"I am here until 2010 and I hope to win the Champions League again,\" added Sagnol. MUNICH, Germany, Dec 20 , 2006, 2006. What is the relationship between the event 'added' and the time 'Dec 20 , 2006'?",
        "Answer": "B",
        "Options": [
            "SIMULTANEOUS",
            "IS_INCLUDED",
            "BEFORE"
        ],
        "Outputs": [
            "\nB. IS _INCLOSED_(ADDITIONALLY)\n['I', 'am', \"here\", 'until', ]{'t', ['2' ,'0'], ['1', '-'], '2', \"'', '\\n'}['2']['0']]\n[['am'], \"'\", \" here \", ' ', \"' \", ['until'], [['['[2[']',[''[']],['',''],['-'],'[',2,'",
            "\nNot sure, can you elaborate the question?",
            " (D) ALL OF THOSE ANSWERS SEEM RIGHT, BUT I THINK THAT B IS THE CLOSEST. I HOPE THIS IS HELPFUL.",
            " B",
            " B"
        ],
        "Category": "TempEval-3"
    },
    "8034": {
        "Question": "Question: When the rebels captured Kasenga, 200 kilometres (125 miles) northeast of Lubumbashi at the end of March, they also went through Zambia to catch the Zairean soldiers from the rear, according to informed sources. What is the relationship between the event 'went' and the time 'the end of March'?",
        "Answer": "A",
        "Options": [
            "IS_INCLUDED",
            "IMMEDIATELY AFTER",
            "SIMULTANEOUS"
        ],
        "Outputs": [
            "\nB",
            "\nC. They occurred at roughly the same time, or in this case, within a relatively short timeframe.",
            " C",
            "\nB.  \nIMMEDiateLy AFter   KasenGa   ZAMBIa\nC.      \nKasenGA   is_includED    in     the     \nZAMBiA   event.     ",
            "\nB. Informed source said they went on a journey on that date."
        ],
        "Category": "TempEval-3"
    }
}