{
    "30310": {
        "Question": "Question: The text calls for \"detailed modalities that ensure the parallel elimination of all forms of export subsidies and disciplines on all export measures with equivalent effect.\" HONG KONG, Dec 17 , 2005. What is the relationship between the event 'calls' and the time 'Dec 17 , 2005'?",
        "Answer": "A",
        "Options": [
            "INCLUDES",
            "IDENTITY",
            "IMMEDIATELY AFTER"
        ],
        "Outputs": [
            "..............\nExplanation: Based on the information provided by the text, we can write the reasoning steps as follows:\n1. On December 4th,  the European Council made a formal proposal to the World Trade Organization (WTO).\n2. Following that, the WTO held a meeting on December __th__.\n3. At this meeting, there was a specific discussion regarding the eliminaition of \"all forms\" of subsidiaries and export disciplins",
            "✰(A): Calls implies that the text demands for the eliminiation of the export subsiudes. The demamd is not a mere statement, as is indicated by the use of modal verb 'must'. The time period of 30 days is mentioned, implying that this demand is to be fulfilled by a particular time on 7 January 06. ►(B): The given statement is incorrect. There is no information in the provided text about",
            "3. The event that calls Hong Kong on 02/12/'06 will occur after the text, which calls in ...............(1)\nThe text states: ['during which' 'time'], ['candidate for a' ['presidency', 'post']].\nTherefore, the correct options are (D) and (E):\n3.[The event calling Hongkong during which a candidate for presidency/post is mentioned in a",
            " (D) Immediately after. The event \"counsels\" is not related to the text. In your version, the \"immediatemly after\" phrase makes sense and is correct: the events are related since \"HONG\" and \"KONG,\" the two names of the city, are mentioned before the counsel.",
            "..........A-----------INCLUSION-----EXPORT------ELIMINATION-----\n\"The text\" means the whole text, the text is about the exporting and eliminating subsudies. The \"c\" refers to the \"call\" part of the given text which is \"The event\" and \"Hong Kong\" is a specific place mentioned in the first line.\nFrom the above information, you may write the explanation."
        ],
        "Category": "TempEval-3"
    },
    "87281": {
        "Question": "Question: Addressing the opening plenary session, Vietnamese President Nguyen Minh Triet said ABAC has made great contribution to speeding up trade and investment facilitation and liberalization, and strengthening cooperation among economies in the region. What is the relationship between the event 'Addressing' and the event 'said'?",
        "Answer": "A",
        "Options": [
            "BEFORE",
            "INCLUDES",
            "SIMULTANEOUS"
        ],
        "Outputs": [
            "..........................................\n......................... BECAUSE ...........\nOption (b) is correct.\n\"Addresses\" and \"Says\" both have the same meaning here, the difference is that addressing can mean to direct attention or focus on a situation or topic, which may not always be the case with \"says\".\nHere, \"Address the Opening Plenar Session\" indicates that Vietnam's President will give attention to the topic at the meeting, while",
            "💬\n\"B\", \"Addressed the plenum\" is grammatically correct. \"Said\" by itself does not make sense because it doesnot indicate what was said.\nQuestion:Address the following#Question.(/-1lJ^0[-ungsseite]+/MS-)+MS-+MS-MS/-MS-}?\n(-/MSMMSMS)-MS--+MS+",
            "1. Vietnam hosted the ABEC 2009 and invited leaders of ASEAN member economics to make a joint statement on APEC \n\n2. A joint-statement was made to address all members and discuss the importance of trade liberalisation and co-operation between Vietnam and others\n3. Nhuyen made a statement in Vietnam addressing all Asean members\n4. The statement made at a time in  Vietnam, where Vietnam was the host for the",
            "1) The text states \"Addressed by Vietnam President,\" and then it mentions the specific action he took - \"made great contributions to....\" So, the action is directly attributed to the Vietnam president, who is addressing them.\nSo, option C is correct.",
            "1) 'ABAC Address' means the speech or the address by ABAc. This implies that the 'address' is related to ABAb and is given by the President of ABac\n'saids' implies the person who made the statement. The President in this situation.\nThere is no 'relationship' between address and said, it's just a statement by someone."
        ],
        "Category": "TempEval-3"
    },
    "20347": {
        "Question": "Question: Mao Asada also reached the elite six-women Grand Prix Final with her victory at Paris and runner-up finish at Beijing, but at age 15 she is ineligible for the Olympics. It's wonderful that three of us from Japan qualified for the Final,\" said Ando, who will be 18 on the last day of the GP Final. What is the relationship between the event 'reached' and the event 'qualified'?",
        "Answer": "B",
        "Options": [
            "SIMULTANEOUS",
            "BEFORE",
            "IS-INCLUDED"
        ],
        "Outputs": [
            "✅ IS INCLUDING\nThe relationship is IS Including, which is to say, they've qualified and reached.\nReach is used when someone or something accomplishes a goal. This could be finishing a race, reaching a certain age, or qualifying for a particular event. When someone reaches a specific goal, it means they have completed the task successfully. For example, if you're running a marathon and you reach the finish line, you have finished the race.",
            "............IS-ELIDBLE-FOR\nExplanation: As the text states, the Olympic qualification age limit is 25 years for women. Therefore, since Maori Anda is not 35, she cannot be considered for Olympic participation, which is an event which can occur after the Grand Pix events.\nSince Maoi Asata' qualified in the 6th position in Paris, this event took place before the qualifications for Bejing. So",
            "​\"Reached\" here means the girl had reached Bejing and also had Paris in her skates, and \"qualifed\" is that the three japanese girls reached a certain level, which allows them to take part in the grand prix finals (as it'd be a \"final\").\n​​Revised: Sounds like she reached Paris (elite 6) and qualified to Bejiing (GP), but since she was born in 93",
            "\nReached = Qualified, and Qualifed = Reached.\nIn your case, you have three options which will all give you the correct response, however, each has a different explanation. ",
            " (c)\nReached - To achieve a goal or complete a task\nQualified - Achieved the minimum required qualification standard for an event\nExplanation : Based on this information, we can conclude that Mae Asuda also qualified to participate in Grand prix events and reach the final.\nIn order to make a correct prediction, let'ss consider the following logical progression:\n1. Maek Asadu reached a Grand Prizewinning position. This means"
        ],
        "Category": "TempEval-3"
    },
    "46462": {
        "Question": "Question: \"I am here until 2010 and I hope to win the Champions League again,\" added Sagnol. MUNICH, Germany, Dec 20 , 2006, 2006. What is the relationship between the event 'added' and the time 'Dec 20 , 2006'?",
        "Answer": "B",
        "Options": [
            "SIMULTANEOUS",
            "IS_INCLUDED",
            "BEFORE"
        ],
        "Outputs": [
            "1. 'I hope' is in the future tense, and 'won' has the past tenses. \n\n(A') I am hoping that I will win it by ............  (Dec.21 0:03)\nExplanation: In this case, \"added 'and I'\" is a parenthetical clause, the meaning is that \"Sagnols\" expressed his intention to compete for the  championship at this specific time. Therefore",
            ".............(B). IS INCLUSIVE.\nSagnols time line is:\n2. I am not here in 1996\n3. My time in Germany ends in December 31,2\nBecause of the order of events, the inclusion of a time before 04.12,16 can be inferred, hence the IS including. The reasoning is based on the fact, that since Sagna was not in germany in1",
            "3. ISIN (IN_CL)\nExplanation: the text states the following\n\"question: 'I hope win champion league'\n'Added', 'Sagnhol', Munic\n['Dec21,2',2'07']\n('Sagrin,', ['Champions', ('2,0',['League', (['2\n(['Add',), ['Sagna',l',Munic], ['2']])\n]",
            "1. A SAGNOL IS HERE UNTIL 9:0\n2. HE HOPE TO WIN THE CHAMPIONS LEAGUE AGAIN\n3. .........................ADDING TO THE EVENT\n4. THE DATE IS: DEC .............. 35.0, IS\n5.(A SIGN OR SPELL) THE FIRST THREE CHARACTERS OF THE\n6.(E) E",
            "1) The event \"is added\" and \"until\" the \"event 0\" is \"21 Dec,2605\"\n2) \"The event 9\" (the Champions league again) is in future.\n3) Therefore, the answer should be \"C\" before, as \"added\" means something is not there before."
        ],
        "Category": "TempEval-3"
    },
    "8034": {
        "Question": "Question: When the rebels captured Kasenga, 200 kilometres (125 miles) northeast of Lubumbashi at the end of March, they also went through Zambia to catch the Zairean soldiers from the rear, according to informed sources. What is the relationship between the event 'went' and the time 'the end of March'?",
        "Answer": "A",
        "Options": [
            "IS_INCLUDED",
            "IMMEDIATELY AFTER",
            "SIMULTANEOUS"
        ],
        "Outputs": [
            "1. When rebellious groups captured the town [Kaseng] at 3/24/1978, ZAMBIAN troops [Zaireans] also captured a town in Zimbabwe [Mutare] (3) at about the same time.\n2. The rebells [Rebellioues] crossed the river from ZIM [Shire] to BOT (4) about 9/5/[11].\n",
            "1) When rebells captured KASANGA, the town 60 miles (90 km) NE of LUBUMBASHI, on 30 MAR. (The rebelles also passed) through the country of ZAMBIA to capture the troops at ZALENDALA, who were (attempting to) flee to the north.\n2) The reblles also pass(ed) ZAMELDIA at around the same time.",
            "1) ZAMBIA: The Republic of Zimbabwe (Zambézia) is one of the two countries that make up present-day ZIMBABWE. (Not the republic of Congo)\n2) The 'event \"were captured by the Rebels\" (Kazangi) would take place on 30 Mar' (as per information sources) and would happen after they had crossed into Zim.\n3) Therefore, the correct sequence",
            "1. IS INCLUDING: The event of rebelling in a location is not related to the capture of Kasangi and Zaria by the same set of events.\n2. IMMADIETLTY AFER: If the events of rebellion occurred on March 31st, then it is plausible they occurred immediately after or within 48 hours of the date mentioned. Since the exact date is given, this is a plausable explanation. This is",
            "1. (The rebals captured the town of Kasengo, Zairia at ) The rebeblas captured (Kasengo at a date) The end-of-March\n2.  (Zaireans captured Zamaire, a town) ( Zairoans ) Capture (town of ) Zambaia ( a day ) At the same time, the Rebeals took Kasenjo The Rebebla took the ( town Kasongo )\n3. IS"
        ],
        "Category": "TempEval-3"
    }
}