{
    "30310": {
        "Question": "Question: The text calls for \"detailed modalities that ensure the parallel elimination of all forms of export subsidies and disciplines on all export measures with equivalent effect.\" HONG KONG, Dec 17 , 2005. What is the relationship between the event 'calls' and the time 'Dec 17 , 2005'?",
        "Answer": "INCLUDES",
        "Options": [],
        "Outputs": [
            "................./........................................ .................../............. 3.12....................... 5:1........... /........ /.................. 4.25..................... /....././../././(................/...... /....\nQuestion:The textcall es for\"detai ledmodaliti esthat ensurethe parallelel iminationo fe a llfor mes ofexport subsidesand disciplin eson allexim ea tures withequival",
            "\u0006 \u0005\u0005\u0006\u0005\u0002\u0005\u0003\u0001\u0005\b\u0002\u0004\b\b\u0005\u0004\u0005\u0007\u000e\b\u0004\u0002\u0002\b\u0007\b\u0003\u0002\u0006\u0002\u0007\u0002\u0012\u0002\u0019\u0002\u0013\u0002\u0016\u0002\u0017\u0002\u0018\u0002\u001a\u0005\u0012\u0003\u0014\u0005\u001e\u0005\u000b\u0002\f\u0005 \u0004\u0006\u0007\u0003\u0005\u0001\u0007\u0005\u0013\u0005\u0014\u0002\u0014\u0001\u0004\u0014\u000e\u0007\u0016\u0005\u0015\u0002\u0010\u0004\u0004\u0013\u0003\u0019\u0004\u0015\u0004\u0019\u0005\u0017\u0005\u0019\b\u0016\b\u0014\u0004",
            "‎\"The text ...\" == \"The event...\" == The event is that the text is calling for the details. == .......... == == Modalities are specific details about a situation. ........................ == Export subsides and export measure is a specific policy of a government, so the modalites are related to it. Examples: ==== 0. The policy will be in effect ===== === until December 31,  ======= == .... ==========",
            "...............CALL.............The event \"The text CALLS for...\" is not related to the given event and time. Based on the information provided by the text, there is no evidence to suggest a direct relationship or connection between these events. Therefore, it is uncertain and difficult to determine the likelihood or possibility of that event occurring.",
            ".........................................The text indicates that the text will continue to explain the details of the modalitiesthat ensure parallel export eliminaion of various forms. Therefore, we can predict that there will be a series of modalites to be mentioned, such as the one about exporting subsidiaries, followed by the disciplining of other exported measures."
        ],
        "Category": "TempEval-3"
    },
    "87281": {
        "Question": "Question: Addressing the opening plenary session, Vietnamese President Nguyen Minh Triet said ABAC has made great contribution to speeding up trade and investment facilitation and liberalization, and strengthening cooperation among economies in the region. What is the relationship between the event 'Addressing' and the event 'said'?",
        "Answer": "BEFORE",
        "Options": [],
        "Outputs": [
            "\n\n\\begin{blockquote}\nQuestion:Address the plural verb 'has made' to the first part of the text ['Address', 'President', '\\strong{Nguyễn Minḥ Tritề'}'.What is 'the event']?'  \n                   '.[''saidd', '\"ABAC\", '\\underline{', \"speeding \\underline{}',    ['\"up\"', \"\\underline{\\textsf{?}}\"]''.\n['in",
            "1) Vietnam President addressing (verb) = Vietnam president said something (event) 2) ABaC (adjective) + (noun) (prepositive) address + something = ABAc address (something)\nQuestions:Address: Vietnam, President, Ngyun Mim Triệt;\nSaid: ABac, Address;Context:(None)?Explanation:(Not sure what the question is asking. ABÄC is not a word, but",
            "1. The event Addresses the plener is an action, the action takes place at a particular time and in a specified context. 2. \"The event said the President of Vietnam\" is a statement, a piece of information is expressed.\nQuý Khôi answered\nThe text is wrong. You could write it as follows:\n'Address the Plenery', the verb in question, is used to express the act of addressing a gathering, such as a meeting",
            "1. The relationship is that Vietnam's President is addressing attendees at the ABAS conference. 2. \"Address,\" in this case, is a gerund, an active verb. It implies that the President has a role and is actively involved in making the address.\nQuestion:'Address the issue' means?\nby mohan100 » Tue Jul 05, 8:58 am\nLast post by sushanthsai",
            "1. Address the plenum (ABAC 2011) (President of Vietnam, 5th October 09:36 UTC) ➢ 「Pres. Triệt (Viễn)」 ⇒ Ủy viên Hội đồng Chủ tịch vì Hòa bình và Sự nghiệp （Pres Triêt）  "
        ],
        "Category": "TempEval-3"
    },
    "20347": {
        "Question": "Question: Mao Asada also reached the elite six-women Grand Prix Final with her victory at Paris and runner-up finish at Beijing, but at age 15 she is ineligible for the Olympics. It's wonderful that three of us from Japan qualified for the Final,\" said Ando, who will be 18 on the last day of the GP Final. What is the relationship between the event 'reached' and the event 'qualified'?",
        "Answer": "BEFORE",
        "Options": [],
        "Outputs": [
            "排位の順序を表す。\n\"Mao Asahi reached second place at the Bejing competition\"\n「毛蛇のアサヒが北京大会で第二位だった」\nThe first part \"reach\" is not used here, it'd be \"qualify\" in this context.\n'Moving to the top three' or 'moving up to second position' might be",
            "「reach」is used in sense of reaching your goal / target, or achieving something you want to accomplish, like in the following example: \"I reached my goal to run 5K today\". In the case of Maiko, she didn't reach her target to go to Olympics, as there is still a year for her to try to qualify for that event.\nNot the answer you're looking for? Browse other questions tagged word-choice usage or ask",
            "本文中，“reach”的用法有错误。reac上的表示方式是不妥当的。 在这种情况下，你可以把“qualify”替换成“finished”或者“win”。\n\"The Final is made of six women and there are six of them,\" Miki Andō, 30, said. \"I was the only",
            "《reach》 means 「達成」, □□○□の達者です。\n「■■□」を□　□と□して□■　■\n\"I reach the age of 40.\" (I will turn 39 at the end of this year and turn the ■ next year).\"\nIt doesn't seem like a correct translation, IMO. 'Reached the Olympic Final' would mean you made it to",
            "童貫の試合結果を見る\nQuestion:$N$ is a positive even number.$N!$ denotes the factorial of $N$.$$\\frac{\\text{N }!}{\\text {N}}^{1}$$$$-\\$$$$$2$$+\\$$$\\frac{2!}{N}$$$$-$$$(1)$$+\\$\\binom{}{}$$-\\$(3)$$-\\$+\\$(N$$)$$+$$$(N)$$+"
        ],
        "Category": "TempEval-3"
    },
    "46462": {
        "Question": "Question: \"I am here until 2010 and I hope to win the Champions League again,\" added Sagnol. MUNICH, Germany, Dec 20 , 2006, 2006. What is the relationship between the event 'added' and the time 'Dec 20 , 2006'?",
        "Answer": "IS_INCLUDED",
        "Options": [],
        "Outputs": [
            "07:15.02 AM UTC+0:0",
            "1) Event: Sagonel added the sentence \" I am not a liar\" in his interview in 50 years ago. \n  2) Time (event): The interview took place on 30th June 49.\n    3) Question  : \"Is this event true\"?\n\nAnswer\n\\begin{itemize}\n   1.) Event\nAdded Sagnerel in interview with a question, \"Am not lier\".\n(29",
            "1. 'I ... am' = subject of the sentence. ................. 95.242.78.162 02-Jun-09 7:30\nQuestion: I am sure the answer is \"it' ...\" as the verb \"to add\" is used to express the future tense. However, I can't figure out why the text states that the date should be '2 ...', and not '3",
            "1) The event ['added', 'MUNICE', 3] is being added by Munice to his list, and  the information is to be stored for future use.  2) It indicates that the city of Munich, a city in Germany was added as a location on December 9th, which is 5 days earlier than the date you specified.  It seems like the location 'munice' in the given text is referring to the same 'city of mun",
            "1. The event is a prediction made by Laurent Sagols in 02-05. Â ÃÂ²Ã‚Â°Ã¢â‚¬Â¢Ã˜Â´Ã¯Â¸ÂÃ™ÂÃÂµÃŸÂ¹Ã‘Â¼ÃžÂ½ÃœÂ¾Ã›Â§Ã•â€ÃŽÂ»ÃšÂ¤?Ã£Â³ÃÂ"
        ],
        "Category": "TempEval-3"
    },
    "8034": {
        "Question": "Question: When the rebels captured Kasenga, 200 kilometres (125 miles) northeast of Lubumbashi at the end of March, they also went through Zambia to catch the Zairean soldiers from the rear, according to informed sources. What is the relationship between the event 'went' and the time 'the end of March'?",
        "Answer": "IS_INCLUDED",
        "Options": [],
        "Outputs": [
            "1. ZAMBIAN REBELS INVADE KASENGA (Congo-Zaire). The rebel forces led by Laurent Kabila have crossed into Zair and captured the Congolese town of Kasanga.\nThe rebals were reported to have made a significant advance towards the capital, Kinshasa, from their base near Kisangani. The government was said to be preparing for an assault from both the north (through the Congo river region)",
            "1. ZAMBIA: \"Zambian soldiers\"\n2. KASENGA: \"(Zaire)n soldiers (Kasengan rebells)\"\n3. END OF MARCH: Kasengo Rebellion\nSo, the text should read like this:\nWhen the Kasanga Rebel group captured the city of Kasangan on the 31st of July in 03', the Rebells also used the country of Zimbabwe to move",
            "1. Kasangi is 450 kilometers north of Kinshasa. \n\n(a) Kasanga is a town in the DRCongo which is near the town Lubambe, (b) Lubumbe is in Congo,\n2. Lubama is an administrative division in Democratic of the Congo.\n3. Kinzaha is another town of Congo and is close to Lubanga.",
            "1. The rebel forces crossed the border from Zimbabwe into ZAMBIA on 30th March 05.2. 70 rebeles crossed into the Democratic Republic of Congo at 6.15am on the 4th April.3. On the same day at around 9.02 am, the Congolese Army launched an offensive against the rebel forces.\nQuestion:When the Rebels Captured Kasangi,",
            "1. They caught Kasangas and went to Zimbabwe. ......................................2. Zairacs went from Zanzibar and caught the Kasanga soldiers.\nQuestion:When therebelscaptured Kasengo, kilometers (miles) kilom (km) miles of Kasamba, the 30th March 40 kilometes ( km) from Kasimbali, at end Kasambas (31 miles / km / 90"
        ],
        "Category": "TempEval-3"
    }
}