{
    "48193": {
        "Question": "Story: Jerry was driving to the wedding. He encountered several traffic on the highway. As he tried to turn into the left lane, a car stopped. Before he can stop, he ran into the car.\nQuestion: Which of the two endings is the most plausible correct ending to the story?",
        "Answer": "A",
        "Options": [
            "The driver got knocked into a coma.",
            "The driver of the car was a woman."
        ],
        "Outputs": [
            " B, the driver was woman, not man\n",
            "\n(B), The car'Obrázkyníme vztahy mezi dvěma ostatněmi nejsou vyloučené.",
            " B.  The text states Jerry hit a parked car and the text also states there was another car behind Jerry. Based on this information, we can infer the possibility of a crash. However, it is important to note that the information given does not allow for a direct inference about the gender of Jerry or the other car driver. Consequently, the prediction is not correct.",
            " B: The woman was knock unconscious, but she wasn'J car didn't get hit. Jerry hit the other car instead.",
            " B. Revised to include the information from the second paragraph."
        ],
        "Category": "ROC"
    },
    "37183": {
        "Question": "Story: Tim got a bat for his birthday. It was very heavy. He was mad that he couldn't lift it. He worked out everyday for a month.\nQuestion: Which of the two endings is the most plausible correct ending to the story?",
        "Answer": "A",
        "Options": [
            "After that he could lift it easily.",
            "He got a call from his agent."
        ],
        "Outputs": [
            " B.  He didn'\n",
            " A. Tim could not lift the bat after a whole month of working out. Based on this information, the logical progression would be that Tim' s agent calls him because he is not lifting the heavy bat. This is a plainer version of what the author intended and aligns better with his prediction.",
            "\nB. Based on a real-life event, a 17-year-old boy named Tim Tebow, from the Philippines, received a baseball bat from one of his relatives as a birth gift. Tim decided he wanted to learn to bat using this particular bat, but he found it incredibly heavy and difficult to handle. In response to this, he decided that working out was necessary, so he began training and doing exercises to become more athletic. A month after",
            " B. Based on what I read and understand, here is how I see the correctness of each option:\n1. Tim gets a heavy bat on his  birth date: This part seems incorrect because Tim is a 10-year-old and the bat is described as a \"heavy\" one, suggesting that it may be difficult for him to carry it around or use it effectively. \n2. After a period of time, Tim develops muscle strength: Here,",
            " A. \n"
        ],
        "Category": "ROC"
    },
    "6633": {
        "Question": "Story: When me and my brother were younger we watched cartoons. Every weekend morning we woke up really early. We both really enjoyed the same cartoon so we watched that together. My mom was always unhappy with us, but it was okay.\nQuestion: Which of the two endings is the most plausible correct ending to the story?",
        "Answer": "B",
        "Options": [
            "My mom started to get really sick.",
            "One day the cartoon stopped airing and we were both very sad."
        ],
        "Outputs": [
            "\nB.  \"We all watched the [cartoon] show together.\"\nThis is a more specific and direct explanation about the events that happened. It is important to ensure that the information is accurate and logically connected to form a coherent and placable explanation.",
            "\nB. This is a more realistic option, as it is based on real-life events.  The carton being canceled is not mentioned, so it'd be up in air, the mother'ssickness would have happened, and both kids would be affected.",
            "\nB.  It is a plainer and simpler ending. There is no reason given for the previous end of story, and this makes it less coherent.",
            "\nB\n",
            " B.  The end of a carton show was one of my childhood' horrors. I would wake up at the crack of dawn to watch a new episode. It was part cartridge and part family ritual."
        ],
        "Category": "ROC"
    },
    "61441": {
        "Question": "Story: Morris packed his suitcase into his vehicle. He hugged his mother while she shed a tear. He stepped into his car then said goodbye. He listened to the radio while driving on the freeway.\nQuestion: Which of the two endings is the most plausible correct ending to the story?",
        "Answer": "B",
        "Options": [
            "He was stopped by a police officer.",
            "He arrived at the college to begin a new challenge."
        ],
        "Outputs": [
            " B. I think the ending that best fits the given text is B, where Morris is stopped and questioned/inspected by the law enforcement authorities. This is a more logical progression of events as it takes into account Morris' actions and interactions with others prior to his arrival at his destination (college). The previous endpoints A and C are unrelated to Morris and his actions, which makes them less plausable and not as coherently connected to one another.",
            "\nB. Based on your provided information, we can make a  prediction regarding the actions of Morris. Here is a corrected version of your original text:\nMorris packs his luggage into the vehicle, then steps into it with tears from his mom still fresh on his face.  After a radio-filled journey, he parks his automobile and proceeds to his college, ready to embrace a fresh challenge in his academic life.",
            " B",
            "\nB. Morris arrived to college and started classes that day",
            " B"
        ],
        "Category": "ROC"
    },
    "54601": {
        "Question": "Story: Fall leaves are very pretty in the beginning of the Autumn season. I can't wait to clean them all up though. I wait till all the trees have dropped all of their leaves. We have one stubborn tree that keeps some leaves all winter.\nQuestion: Which of the two endings is the most plausible correct ending to the story?",
        "Answer": "B",
        "Options": [
            "I found a new favorite plant.",
            "It doesn't drop them till Spring and I have to wait to rake them up."
        ],
        "Outputs": [
            " B. Fall is still fall, and it takes time for the leaves to fall. It'll still be fall until they do fall and then you can rak them.",
            " B. Based on available information, the correct prediction would be as follows:\n\"The Fall season is known for its beautiful displays of falling leaves, and this year the prediction is that we will experience an unusually late leaf drop. While some trees may lose their entire crop of leaves in November, we can expect the stubby tree to hold on to some of its yellow and red leaves well into December. Additionally, it is likely that the tree will not drop its leaves until the Spring season",
            " A.  Based on how the text is written, it is plausable that the character would find a favoriteplant. This is a logical progression from the information provided in that there are leaves on trees in autumn and the tree drops the leaves in winter, which implies that a character may choose a preferred plant during the autmn season and then continue to like it after the winter season has passed.",
            "\nB.  The text is unrelated because the information provided is not related to leaf-dropping. It mentions a tree with stuborn leaves that stay up all year, but there is no information about when or why the tree drops its leaves, and it does not provide any context or details about the leaves dropping in autumn.",
            "\nB.  Leaves don' t drop till  Spring. That means you have  to\nwait to  raked,  and that is a long time."
        ],
        "Category": "ROC"
    },
    "65841": {
        "Question": "Story: Matt met Tammy at a nightclub. Matt and Tammy exchanged numbers after the night. They talked on the phone every day. One day Tammy saw Matt with her friend Emma.\nQuestion: Which of the two endings is the most plausible correct ending to the story?",
        "Answer": "A",
        "Options": [
            "Tammy felt jealous when she saw Matt and Emma together.",
            "Tammy hated not having a phone."
        ],
        "Outputs": [
            "\nB",
            " (C) Matt had to make a tough choice. \nExplanationT\nTough choices can arise when you love two people at the same time, or when one of them cheats on you. In these instances, you have to decide which relationship you would rather keep and which one should end.  \nMatt had fallen in love with Tammi, a beautiful girl at night club. However, he had already established a close relationship with Emily, whom he",
            "\nB: Tamry felt Jealousy towards Matt when he was seen with Emma and not her. Tamara then realized that the jealously towards Emma was because she didnt have a telephone.",
            " A. Based on this text, the correct prediction is that Tamara will become envious of Matt when he is seen with Emma, leading to Tammaras break off from their relationship and possibly ending with the break up.",
            "\nB: Tamamy is a psycho and should not have any social interactions."
        ],
        "Category": "SCT"
    },
    "64704": {
        "Question": "Story: Connie's doctor says she is overweight. She recommended better diet and exercise. One day, Connie joined a gym. The next day, Connie was disappointed to not see change.\nQuestion: Which of the two endings is the most plausible correct ending to the story?",
        "Answer": "B",
        "Options": [
            "She was proud of her body.",
            "She hired a personal trainer to help her meet her goals."
        ],
        "Outputs": [
            " B. Based on a correct understanding of Connies situation, her hiring a trainee seems plausable.  The previous day she had gone to join the gymnastics, but had not been there long enough to expect a significant change the very next. A traiiner could be helpful for a longer period of time, allowing for more of a change to occur.",
            " B, She should go to gains to make her fit.",
            " B. Conni'e is disappointment about seeing no change the second day after joining the gymnasium. This suggests that she has not made any significant progress in weight loss. In order to make progress, she decides to hire a  personal  traine(r). Contrary to her previous attempt alone, this time she engages a professional  and  may be more successful. \nExplanation. - Based on your provided information sources, we can reevaluate",
            "\n",
            " Both. I can'5 see both ending happening in a sequence like this. First, I'd say Connnie is proud that her doctor told her she' s over-weight and made a positive change in her dieting and exercising. Secondly, after she made this change she went on to join a fitness center, because she wanted her efforts to be recognized and to have a goal in which to work for. Then, she continued to exercise and improve her"
        ],
        "Category": "SCT"
    },
    "66343": {
        "Question": "Story: One day, I woke up with the worst pain in my throat. I could barely even swallow! I went to the doctor and she confirmed that I had strep. Thankfully, she gave me antibiotics.\nQuestion: Which of the two endings is the most plausible correct ending to the story?",
        "Answer": "B",
        "Options": [
            "I was nervous when they decided to schedule a surgical procedure.",
            "A couple of days later, I started to feel better, thank God!"
        ],
        "Outputs": [
            "\nB. You can recover from stomach flu and other ailments by just staying home and resting, or taking care of your diet, but with staph, antimicrobial medication is necessary. Without antitoxin, your body will fight the infection, with possible serious complications. It is plauible for the antidote to help you recover faster and avoid those complicacies.",
            "\nB, because the first part of your text contradicts the second part. If you had swallowed and could still feel the pain, then the antiobiotics would not have been able to help.",
            " B. After a couple days, you were thankfully feeling better and had made progress. Surgery is a pretty serious procedure and the recovery time could be longer.",
            " B. A few days after the initial visit and antiobiotics the patient started feeling better.",
            "\nB\n"
        ],
        "Category": "SCT"
    },
    "65832": {
        "Question": "Story: Joe was walking home one night. Out of nowhere, a man approached and stabbed him. Joe was badly injured! He staggered to the nearest hospital.\nQuestion: Which of the two endings is the most plausible correct ending to the story?",
        "Answer": "B",
        "Options": [
            "He went straight to the cafeteria and had a long dinner.",
            "It took him 2 weeks in the hospital to recuperate."
        ],
        "Outputs": [
            " B, hospital for a couple of weeks.",
            "\nB",
            " B. Based on this information, it is more plausbile to predict that Joe will go to hospital for a prolonged period of time to recover from the stabbing wound. This prediction is based on a logical progression of reasoning as follows:\n- The fact that the man stabs Joe and causes a significant injury suggests that there may be a need for more serious medical treatment than just a quick hospitalization or a visit to an emergency room. \n   - A st",
            " B. Based on Joe'L condition, he should have been hospitalized, not just a caterer, or dinner\n",
            "\nB. In a realistic scenario, it would take a while for him to recover."
        ],
        "Category": "SCT"
    },
    "66379": {
        "Question": "Story: Jenny always used to take long walks with her husband Bill. After they divorced, Jenny stayed in the house and didn't go on walks. One day Jenny decided to start taking walks again. She found that the walks were still nice, even without Bill.\nQuestion: Which of the two endings is the most plausible correct ending to the story?",
        "Answer": "B",
        "Options": [
            "Jenny felt too sad to go on walks after that.",
            "Jenny continued taking a walk every evening after that."
        ],
        "Outputs": [
            " B. Jen was not sad about the divorce.",
            " B. Jenni' walken after divorce is not correct because it doesn' t make sense.",
            "\n",
            "\nB. Jen'\nExplanation6[]\nJenny' walked with Bill on a daily basis. Bill is no longer part of Jenney' life. Despite no more walking with him, she decides to still walk alone.",
            "\nB"
        ],
        "Category": "SCT"
    }
}