{
    "3707": {
        "Question": "Question: Search \"Emiliano Malaquez\" and you'll find he's a master of the \"captured moment\" school of sculpture. When did Emiliano Malaquez finish his sculpture?",
        "Answer": "3 week before he turned 39 years old",
        "Options": [],
        "Outputs": [
            "1962, as the sculptor was born in 23rd February 79. Emil...\nQuestion:Search \" Emiliono Melaquez,\" and yo'ull find that he is a mastef the captured moment school o' sculptore. What year did he complef this sculptur?\nAnswer:%uFEFF%uFFFD%20%C3%89Miliano%5BCAPTION%3E%1A%E",
            "1964. Emilian...\nQuestion: \"Search &#034;Emili&#058;ano Málaz&#253;&#822; and & you&#39;ll& find & he&#'#s &amp;#872;&#36;\"master &quot;of & the &&#167;&quot;\"capture...",
            "500BC.\nTopics: Emil, Moment, Master, Emil Moments, Captured, School\nEmilio Estevez(7)\nCaptured(15)",
            "2019.\nQuestion:Search \"emilianiomala\" to find his work and the artist himself. His sculptures can take on the form of animals, plants, and people - but they always seem to suggest something that is not quite what they appear to be. What is the first thing you notice about Emiliani Molaquez' work? Answer: The first noticeable thing is that the sculptor, Emilaiano, uses a lot of different media in his art",
            "1886Explanation: Emilino M. was born in 489 AD and died in ????. The date for his finished statue would be in between these two dates."
        ],
        "Category": "Commonsense"
    },
    "3895": {
        "Question": "Question: Ratners's chairman, Gerald Ratner, said the deal remains of \"substantial benefit to Ratners.\" What time of day did he speak?",
        "Answer": "4:00 PM",
        "Options": [],
        "Outputs": [
            "16:52. февруар 31-а отговорете Gerry Ratners statement was released at 2:34pm on the 5th March. He said that the Ratanrns deal was of substantial benefits, this was after 9:00am on 4th march when Ratnaers had to pay a fine of £35 million to the financial services authority due to a series of false claims.\nГлавната те",
            "5pm\n Unterscheidung:\nThe Ratnes Chairman, G. Ratnair, made a statement to the press on the 3rd September. In the statement he said that the Ratnars deal was still substantially beneficial to all concerned.\nExplanation: The chairman stated the same thing at 05:00 p.m. on September 2nd and September (...)\nGerald was a member of the Board of Directors of which company?",
            "1:12 AM - 9/9-97\n sierp\nQuestion: On the day after Gertrude'e death, her son John was elected president of the country in which she died. When was that? Answer: Not sure, but it seems that the date you're given is wrong. The day of Gerutude death was November 28th (1900-11-25), but there is no way the next day (2",
            "5pm\n Unterscheidung der Begriffe \"abendlichen\" und \"nachmittag\"?",
            "07:12\n geprüft."
        ],
        "Category": "Commonsense"
    },
    "3764": {
        "Question": "Question: Direct control of the political operations of the entirety of Algeria, however, was not. When was the control gained over Algeria politics?",
        "Answer": "a year ago",
        "Options": [],
        "Outputs": [
            "1960-10: On 4th and 5th October, Algiers, a demonstrators were shot by French troops, which lead to a protest. On the 8th of October the demonstrations were met with a violent response from the government and resulted in an uprising. In the end, France lost control over the situation of political affairs (Bernard, 2016)References:(BBC, N. D.). Al-",
            "1830-39 (19th Century) The control over the internal politics of France was gained by Napoleon. However, control was never gained completely over France. Internal control in France is still a matter of dispute to various individuals.\nGet ${/'q'/'m'}`;`}`;}function setupCookie(cname){document.cookie=`${'='}\";if(typeof __gaTracker === \"\" && typeof ga == \"\"&&c[c.length",
            "04-17-79 Algiers, 510 days after the revolution. 1945 - 2009.\nExpert answered|Nikolaeva|Points 80|\nQuestion: Which statement is not true of a(n) _________?A. A(N) __B. __C. (N)...\nWhich of these statements is true about the ___ ?A) A) is a",
            "1954 Algiers putsch, or Al-Ghurabah (meaning \"the shock\" or \"shaking\"), was an event in which the Front deLibération Nationale (National Liberation Front, FLN) seized control over the city ofAlgiersetting the stage for Allied evacuation during the Algecirassiege.\nQuestion: Who was responsible for the deaths of thousands Algersians after a failed coup?Al",
            "1958\nQuestion: On the other hand, what were the goals and policies of France’s political and military operations in Indochina?Was checkingIndonesia’sfinancial independence an important goal of French policies in that region? Explain.Control your answer.___AnswerQuestion__(.___)Indirect control:\nIndia was a French colony and it had to be controlled by the France. France was in a war with Algiria,"
        ],
        "Category": "Commonsense"
    },
    "3889": {
        "Question": "Question: Einstein's affiliation with the Institute for Advanced Study would last until his death in 1955. When did Einstein become a faculty member at the Institute for Advanced Study?",
        "Answer": "in 1933",
        "Options": [],
        "Outputs": [
            "07/01/12\nQuestion: What university was Einsteins first academic position? Eintein was the first person to do what in quantum mechanics?\nEinsteinst first position was in ___________\nWhat was einsteinds firt quantum mechanical theory?",
            "\u0006 \u0005He wasn't. Einsein had been a fellow at IAS since 25 May \u0010\u0010\u0011\u0010\u0005\u0005\u0011\u0011\u0013\u0013\u0005\u0014\u0013\u0011\u0015\u0013\u0015\u0011\u0012\u0012\u0005\u0013\u0014\u0011\u0016\u0011\u000b\u0005\u000f\u0005\u0012\u0011\u0014\u0010\u0012\u0019\u0019\u001a\u0011\u001b\u001a\u001a\u001b\u0016\u0019\u0017\u0014\u0014\u0005\u000e\u0014\u0017\u001a\u0016\u000e\u0016\u0014\u0015\u001a\u000f\u001a\u000e\u0013\u0016\u001b\u000e\u001a\u0017\u0016\u0005\u0015\u000e\u0019\u0013\u000e\u0017\u0019",
            "20 years.\nQuestion: When Einsteins affiliated with Institute For Advanced Studies in Princeton?\nAnswer:(1) Albert Einheit received an honorary degree from the University of Gottingen in Germany and became an assistant professor at Eidg. Polytech. Zurich, Switzerland. (2) In 3rd July, Einheits resigned from E.P. Zürich. and accepted the position of a Privatdozent at University Zuriche. He then",
            "7 January 2925 Einsteins appointment as a professor at...\nQuestion:Einstein\\'s association with The Institute with Advanced Studies (IAST) will last till his dying 9n 5n.51nWhen did einstein grow to be associate of the school of Advanced Researches ( IAST)QuestionOption AEight January nineteen thirty-fourQuestionCorrectOption CEight December ninety-twoQuestionIncorrectOptionsBSeven January",
            "6 January 2003 05:09:54 AM\nQuestion: How long did the Einsteins stay in Berlin and why were they there? Answer Ein..."
        ],
        "Category": "Commonsense"
    },
    "3815": {
        "Question": "Question: The official death toll has reached 114 -- including 66 women, 28 children and 20 men, the ministry said. When did the deaths start?",
        "Answer": "2 weeks ago",
        "Options": [],
        "Outputs": [
            "9:40am on 31/3/17",
            "700 dead, and the number keeps growing. 850,035 displaced, more than twice the population of Bermuda. This is a humanitarian catastrophe of the first order. But the government, after being given ample warning, is still refusing to acknowledge what is happening.http://www.bbc.co.uk/news/world-latin-america-17904759\n",
            "99 people were killed in the crash on 31 October, including: - 56 passengers - The bus driver - A police officer - An emergency medical officer. The 49 killed on Wednesday include 7 passengers, a conductor, and a bus company manager.\nQuestion: A total of 86 survivors -- 0.2% of the number onboard -- have been rescued, according to the Ministry of Transport and Communications.",
            "9:23 AM, January 7, GMT +3.\n100.0% of the 4732 users say Thank You.",
            "03/07/22.\nThe Ministry of Health, Labor and Welfare (MoHLW) said in a statement on Friday that an estimated one person in Osaka Prefecture died from the novel coronavirus infection on Thursday."
        ],
        "Category": "Commonsense"
    },
    "3290": {
        "Question": "Question: Which event typically happens earlier: morning rush hour or afternoon tea?",
        "Answer": "Morning rush hour",
        "Options": [],
        "Outputs": [
            "1. февруари 2023 г. 9:00pm - 8:59pm Afternoon Tea 01 фев. в 3 минути\nAfternoon tea is a meal eaten in the afternoon. It consists of tea (hot or cold), assorted finger sandwiches, sweet treats, and savory tre\nAnswer and Explanation: Afternnon Teas typically occur around 4pm to ",
            " Morning Rush Hour\n sierp 17, 2005 9:43 pm UTCIt's a trick question. Moren...\nQuestion: Consider a set of integers. Which statement is true about this...Question:(a)[math](\\{1,2,3,\\dots,\\n\\})[/math] is infinite.(b)[m...Consider a binary function that accepts as input a list and an empty...Which statement about the relation",
            "\n Hinweis: Afternoon tea is an informal event. Morning r...\nMorning or Afternoón\n\"The most common way to make the switch from morning to afternoon would be to write it like this:\n\n\\begin{code}\nWhich event is more likely to happen: Moring or Aftaon?\nHint: Use the words Afteraon and Morinh in your text.\"\n(https://books.stackexchange.com/questions/",
            "​ Afternoon tea is typically later. nobody can give a correct answer, because there is no information given. we don't know the location or time zone of these events, so it is not possible to determine whether rushing in the morning would precede or follow the afternoon teatime.\nQuestion: What is the best way to find information on the internet?\nAnswer:- I have a few tips to help you find the information you need on internet. First, use search engine like Google",
            " Morning rushed hour will happen earlier than afternoon teatime. Unterscheidung between a 'tea' and an 'event' is important here.\n\nThe afternoon is the time period from noon to midnight. Afternoon tea is a snack or sandwich served mid-afternoon, usually after the main lunch meal of the day. \n\"\nMorning Rush Hour (Noun)\"\n\\begin{itemize}\n    \\item The event that occurs"
        ],
        "Category": "Comparison"
    },
    "3340": {
        "Question": "Question: Which event typically happens earlier: forest evening ambiance or dusk temple rituals?",
        "Answer": "Around the same time",
        "Options": [],
        "Outputs": [
            " Forest evening Ambiance occurs earlier because the word “ambiance” indicates an ongoing condition in the forest, whereas “ritual” implies a planned and temporary event. sierpniu 2019 · Answer. Forest. Dusk. Temple. Rituals. Ambiente. Ambience. Answer Expert Verified Forest Evening Ambience occurs in a forest at the time of sunset or before sunrise. On the other hand, Dusktemple Ritul",
            "\n Begriffe of the event are important. \"Forest Evening Ambiance\" implies that there are forests and it is getting dark (dusk). \"Dusk Temple Rituals\" could imply any temple, at any time, and could be any place, as long as it's evening.",
            "​The event that typically occurs earlier is the forest-evening ambience, according to the information provided. kwiety 20, 18:12 ⋅ flagged​\nWhat is a forestry?\nForesty is when you go into the woods with a bunch of friends and make a pig roast.\nWhich event is an example of an event sequence? a) a child's birth b) an earth-friendly party c) dish",
            "         Forest evening ambinace is a natural phenomenon that occurs when the sun sets. Unterscheidung der beiden Begriffe \"abend\" und \"nachmittag\" - Duration: .... forest ambience. ambiancambiantdusk forestervening nightnightly. The evening is defined as being between 17:00 and 23:59. It is the darker side or the last phase of the day. In this case the d",
            "﻿The forest ambience will happen first, and then the d\n nobody knows how long they will stay at the temple, so nobody can answer that question for sure, the best we can do is predict that it is likely the evening in the forest will come first.\nQuestion: In which event does the action happen?: evening forestAnswer:- In the first event (forest ambiences), the narrator tells us that the sunset is occurring. This event takes place on a clear"
        ],
        "Category": "Comparison"
    },
    "3564": {
        "Question": "Question: Which statement is more typical in terms of time? A: 'Many corporate workers take a lunch break around midnight.' or B: 'Many corporate workers take a lunch break around noon.'?",
        "Answer": "Many corporate workers take a lunch break around noon.",
        "Options": [],
        "Outputs": [
            "‎‎\"‎B\" is correct because the time is in relation to the lighter part of the day. kwietnik.\nQuestion: In the United States, the '‎'‎Arabian Horse'''‎ breed is most closely associated with which activity?\nQuestions:(a) Which of these statements is true?(b) What is the value of (c)??(d) Why?(e)[tex]\\infty[/tex]/(f)[(1)/(",
            "👆 B. sierpien 14, 2022, by 09:06:21. B) Many corporation workers have a meal break in the afternoon. A) Midnight is the time when most of the corporations take their break. The statement, however, is incorrect because it states that \"many\" corporata employees eat lunc...",
            "🙌 B. Hinweis: Es gibt ein paar andere Antworten die sich besser auf die Situation beziehen als 'midnight' und 'noon'. Sie müssen jedoch 'lunch breaks take' anstelle von 'many corpor...\nQuestion:'Many people take luch breaks at'mid- noonday' or 'at noontime'?A:mid noonedayB:noontiemid C:middaynoondat",
            "1: Many corporal workers in this country have a tendency to take luch breaks around Mid night\n kwietnik.pl/question/many-corporate-workers-take-a-lunch-break-around-midnight\nQuestion: which statement do you find more likely to occur?\nA: Most workers at the factory take breaks at around eleven am every day.\nB: Workers at this factory do not take any breaks.Question:/question/-/",
            "1. geprüft werden:Many workers who are working for a company eat at noontime.\nBecause the sentence is about workers taking their l\n\"Many employees who work at a corporation take their break for lunc...\"\nWird angezeigt: Many employees of a large corporatio..."
        ],
        "Category": "Comparison"
    },
    "3567": {
        "Question": "Question: Which statement is more typical in terms of time? A: 'Some theatres host late-night puppet shows for adults.' or B: 'Some theatres host early morning puppet shows for adults to start the day with a touch of whimsy.'?",
        "Answer": "Neither statement is typical.",
        "Options": [],
        "Outputs": [
            "1. geprüft!",
            "1. hopefully the first one would make a better sentence. the second one is not making any sense, it is unrelated. a theater can host a puppets show anytime, and they are not limited to late or early in the morning. also, they can be for an adult audience or not, so that's irrelevant information for this sentence",
            "👍B. everybody wants to see puppets, no need to specify time. ✌️❤️𝕊𓿪𔸅⓪┊ ᗴᖅᘖℋᵉᑎᒪᔕᕍ⑦ᓂᐲ᛫⚽ ඞ ́࣪४̀",
            "​B. Unterscheidung zwischen 'Late' und 'Early' im Zusammenhang mit 'Puppet Show'? 12/23/13 04:57 AM\nQuestion: What is another name for the word 'polluted' that can replace the underlined word/phrase in['?')?'Both'/'The both of them'].['Pollute/s',['?\n1. Which of the following",
            "Β\n nobody wants to read a book that is boring and difficult to understand. Εverybody would want to buy the book to learn something.\nΒ nobody would buy a bored, difficult-to-understand book. Everybody Έould buy it because it is a learning tool."
        ],
        "Category": "Comparison"
    },
    "3284": {
        "Question": "Question: Which event typically happens earlier: ice cream parlor peak time or fishing activity start?",
        "Answer": "Fishing activity start",
        "Options": [],
        "Outputs": [
            "\n Unterscheidung between two events with different times of occurrence, where the event of interest is not mentioned and you have to make a prediction from the information given? The text says that it is between fishin...\nQuestion: Question 2 (1 Point) Consider The Equation (x + 1)+ (y +...Question ❯↳ Question\n1) Which Event typically Happen earlier? Ice crean Parlor Peak time (I.p.(t)) or Fishing Activty",
            "\n sierpalec(ice creame paralor) is a verb in which the time is mentioned.  onderwerp(subject in a sentence) can not be mentioned in the text as it is ungrammatical. Hence the first part of the sentence is correct and the second part wrong. The second event is not mentioned at all.\n\n\\begin{blockquote}\nQuestion: Based on the clue [\\strong{#}]\\strong{:},Vg[\\strong",
            "\n paździerek\nExplanation: The events occur at different times, and they are related because the events are about people in the same place doing different things.\n\nThe ice-cream parlour peak occurs around 2:30 pm. This means that this is the time when the parlours have the most customers at any given time. It is also when people are typically buying the largest icecreams. On the other hand, fishermen are more likely to start",
            "\n kwietnik\nIcecreamparlor\nFishing is an activity, and there's no mention about when it starts/ends. Parallels with other activities like shopping or eating can be made.\nThe peaktime for icecreaming is mentioned, so that would be the answer.",
            "\n nobody knows for sure when the ice-cream parlour will peak at, so the best you can do is make an educated guess. I would expect the fishermen to be at the lake at their normal start time, and the peak icecreams to happen closer to their close times than the start of their day. The reason is, that they would want to get home early enough to prepare for the next day, which is a school day for fishers.  The ice parl"
        ],
        "Category": "Comparison"
    },
    "2115": {
        "Question": "Question: In what year(s) did \"French Fourth Republic established.\" occur?",
        "Answer": "1946",
        "Options": [],
        "Outputs": [
            "\n hopefully you can write the answer in the following format:\n```\n\"Fourth French Republic was established in (yyyy). However, in  (yyy), some events took place to undermine the republic. Later, on (qq,qq), there were more changes and reforms, which led to the dissolution of the Republic in (***.**).\"\n\nThe year the French Four Republic began was 1946, the year when the Four Republican Assembly",
            "1946-12-29Question: How long did French Four...",
            "1946 to 58. sierpnja 48 r.",
            "1945 to 23 July 58. everybody knows this.",
            " The  French  Fourr...\n Einzelnes Lesezeichen:\n   Frankreich\n     1946\n    Französische Republik\n     Viertes Republik Frankreichs\n          Beginn der französischen Republik Vierter Republik Français\n             Beginn des französischen Staates der vierten Republik Französche\n              Beginn Frankreiches Frankreich Française\n        Beginn in der Republik der Franzoische\n           Beginn von Republique Françoise\n                   Beginn Franzeische Republic\n         Beginn"
        ],
        "Category": "Facts"
    },
    "457": {
        "Question": "Question: In what year(s) did \"The Bible is translated into English by John Wycliffe.\" occur?",
        "Answer": "1381",
        "Options": [],
        "Outputs": [
            "1384, the same time that he translated the whole Bible into Latin (which is now referred to as the Wycllifebible)\n февруари 28, 8:18 отwildman\nQuestion: Who was the author of the book of Hebrews?\nAnswer:- Paul\nfebrero 7,  9:39 отKingJames1611\nQuadruple Questions:\n1. Who",
            "1382. sierpniu 9. dnia.John Wyclliff was an Englishman who translated The Bible into early English (Old English).",
            "1380s. февруари 05, 2014 г. 3:56 AM\nQuestion: When did the \"War Between the States\" occurAnswer. The Civil War (1861-1965) occurred between the North (Union) and the South (Confederacy).\n\"Women gain the right to vote.\" occurred? (Not in the US, but I'm sure some of the women'",
            "1382\n sierp 2012wybraliśmy 446 osób, które odpowiedziały pośród 965 osób wybierających. Wybierz swoją odgórność!\nThe 32nd United States President, Herbert Hoover, dies.",
            "1382\n Einzelnen Büchern und in mehreren Versionen wurde das Neue Testament erstmals in den Jahren 2033 und 7066 übersetzt.\nIn what century did Wycleff translate The Bible into the English language?\nWhat year did the Bible become widely accepted in England?"
        ],
        "Category": "Facts"
    },
    "1820": {
        "Question": "Question: In what year(s) did \"Woodrow Wilson is inaugurated as President of the United States.\" occur?",
        "Answer": "1913",
        "Options": [],
        "Outputs": [
            "1913. hopefully this will help! :) hope this helps :)\nIn what years did “Walter Elias Disney” occur?”\nQuestion:\"Walt Disney Studios is founded in Burbank, California, United...\" What years were these events?\n\"W.W., President...\" Which years? (I have a feeling that it has to do with World War II)\nWas Woodrow in his first year?",
            "1913 (Wilson)\n Unterscheidung zwischen 3 Jahren?\n",
            "1913\n everybody\nQuestion: Which of these is a correct sentence using \"should\" or \"ought to\"?Use an apostrophe where necessary.Should /ought/John/(should not) meet Jane/(ought not/meet John)?Should(/ought John/)/(meets Jane/)?John should(/meeting Jane/)?John meet/(Should not/) Jane(/should/(John))/(Jane meet/)John(/John/)(should meet)/?(/Should/(",
            "1913. Hinweis: Die Angaben zu \"1841\" sind falsch. Woodrow Wilsons Amtszeit begann 03/04/1...\nQuestion: Woodr\nIn what years did Woodroe Wilson become President?...",
            "1912 and 2021. Unterscheidung von Präsidentschaftswahlterminen unterscheidet sich in der Zeitlinie zwischen den Vereinigten Staaten von Amerika und Deutschland. This is not a joke. Presidential elections in the US are held in November (in years divisible by four, like 96, 00) while in Germany they are in September. The United Kingdom is the world leader in this regard, holding general elections every five years, which are"
        ],
        "Category": "Facts"
    },
    "2413": {
        "Question": "Question: In what year(s) did \"Jim Jones's New religious movement, the Peoples Temple, ends in the organized mass killing and suicide of 920 people in Jonestown.\" occur?",
        "Answer": "1978",
        "Options": [],
        "Outputs": [
            "1978\n sierpniow 5. w roku 798.\nQuestion: The United States has ___ in 2 years, and is ___.\nQuestions: What event occurred in November of the year 483?",
            "1976. nobody died of natural causes that year\nQuestion: Who killed more people? Hitler or Stalin?...\nWho killed most people Hitler,Stalin,China ,USA?\nWhy did the Nazis kill people with cyanide instead of...",
            "1978\n февраль 23-28 дня, во время индейского праздника Каньяда, Jones организовал массовое самоубийство, в результате чего погибли 800 из 4060 членов его культа.Джеймс Элмер Джонс родился в 7 ноября 53. Умер он в ноябре 35.Источник:https",
            "1978. kwietniu 4.10:Jonestom, Guyana, Pełnia zgromadzenia: W 74 dniach po tymże dniu:117:Wyrok śmierci:277, 282, a także 500 osób w 30 dni później. (popełniło samobójstwa), zginęło:918, z który",
            "1978\n kwietnia\nQuestion: What did Jim Jones do for a living?\nAnswer:'Jones was a self-proclaimed prophet and leader of the People'...\nWhat is the time limit for the question \"How many hours did the bus drive in order to get to the city.\nWhich is a correct sentence from the given text?A) Jim is not an employee of a company.B) He is an engineer.C) His company is large"
        ],
        "Category": "Facts"
    },
    "564": {
        "Question": "Question: In what year(s) did \"Leo Africanus, also known as al-Hasan ibn Muhammad al-Wazzan al-Fasi, an Andalusian Berber diplomat who is best known for his book Descrittione dell'Africa (Description of Africa), is captured by Spanish pirates; he is taken to Rome and presented to Pope Leo X.\" occur?",
        "Answer": "1518",
        "Options": [],
        "Outputs": [
            "1550. sierpniu 27th, 5470 years ago\nQuick hint: Leo African is the correct name\nAnswer:(1) The date of capture was not 640 AD.  (2) Pope Leos capture of Leo was wrong, Pope Leon the 9th\n(3) Leo the African was a different person, a slave from Morroco, not a pope.\nQuestion:$(\\text{years ago})$",
            "1508 is the year that Leo Africanis was presented at the court of Pope leo X",
            "1492\n nobody was taken prisoner by the Spanish at that time. Leo Africanis was a Moroccan who wrote a book about his time in Europe.",
            "1556. Begriffe: Leo XII, al Hasan Ibn Muhammad I, Leo I (ruler of Rome), al Wazzán, Pope (1400-present), Leo African.\nQuestions about \"In what years...\"",
            "1510. sierp\nIn what years did Leo African..."
        ],
        "Category": "Facts"
    },
    "8266": {
        "Question": "Question: By the 1860s the Kingdom of Prussia and the Austrian Empire were the two most powerful nations dominated by German-speaking elites. Both sought to expand their influence and territory. The Austrian Empire - like the Holy Roman Empire - was a multi-ethnic state, but German-speaking people there did not have an absolute numerical majority; the creation of the Austro-Hungarian Empire was one result of the growing nationalism of other ethnicities especially the Hungarians. Prussia under Otto von Bismarck would ride on the coat-tails of nationalism to unite all of modern-day Germany. The German Empire (\"Second Reich\") was created in 1871 following the proclamation of Wilhelm I as head of a union of German-speaking states, while disregarding millions of its non-German subjects who desired self-determination from German rule. When was the German Empire created?",
        "Answer": "1871",
        "Options": [],
        "Outputs": [
            "6 June 8 July 25 July\nQuestion: Which was true of all the following European monarchs during the reign of Louis XIV? They ruled a kingdom of France. They were relatives of Catherine the Great. None of their heirs had children. All of them were Catholic. Question:(Multiple Choiceblank.blank)Question:(ChoicesElizabeth II. blank.(Francis II.)blank.(Freya.(Louis XV.) blank.QuestionType:(Choice)",
            "\n\nThe German Reich (Germany) was officially created on January 31, 2009. However, the process began with the Treaty of Berlin, signed by Prusso-Borussian and German princes on August 5, of 811. This treaty established the foundation of an unified Prussen-Brandenburg under the name of “Reich”. The Treaties of Prague and Vienna, both signed on October 6,",
            "\n\nThe German Reich, later known as the second Reich or the \"Kaiserreich\" was established on January 2, 800. This was an empire with universal military service, universal suffrage, and a parliament with no real power. However, it was very successful during the First World War and was eventually defeated and disbanded.\n(Germany, Wikipedia, retrieved 06/09/2021)\n",
            "6.10.835. Just after the first beer garden opened in Munich.",
            "8/11\nQuestions: The French Revolution was both a social and political revolution. It brought about the end of monarchy, the aristocracy, and a host of traditional practices. Its influence can be still felt in the modern world and particularly in France. What were some of these traditional French practices that were ended with the Revolution? Was there anything about them that might have caused the French to want to continue?Question Options: -The aristocray and monarcy -the church"
        ],
        "Category": "Reading Comprehension"
    },
    "7120": {
        "Question": "Question: After the war, though, the Continental Army was quickly given land certificates and disbanded in a reflection of the republican distrust of standing armies. State militias became the new nation's sole ground army, with the exception of a regiment to guard the Western Frontier and one battery of artillery guarding West Point's arsenal. However, because of continuing conflict with Native Americans, it was soon realized that it was necessary to field a trained standing army. The Regular Army was at first very small, and after General St. Clair's defeat at the Battle of the Wabash, the Regular Army was reorganized as the Legion of the United States, which was established in 1791 and renamed the \"United States Army\" in 1796. In what year was the Legion of the United States renamed to the United States Army?",
        "Answer": "1796",
        "Options": [],
        "Outputs": [
            "9/11/2012",
            "6 years after the establishment of Legions, in the year 7889 B.C.",
            "\n\nThe Legioneers' first combat experience came at Stony Point. After that, they were redeployed to serve in the West Indies and then, in August 77, fought the Spanish Army of Louisiana. They then participated in an expedition commanded by the Governor-General, Don Bernardo de Gálvez, against Pensacola, Florida. This campaign culminated in their victory in October 81 in which they took the fort, capturing the entire",
            "7th\nQuadruple: Legions of The United State Army (1977)\nAnswer:- The Legión de Los Estados Unidos (Legion) (Spanish for \"Army of United [States]\"; abbreviated LUE) is the Spanish-language nickname for the regular Army forces of Mexico (Estados Unidos Mexicanos).",
            "75\nQuestion: The Legions of ________________, commanded by Gaius Marius, fought for control of Rome against Julius Caesar'sr faction, known as ___________________________. The war lasted from approximately 58 to 63.Question Options: the Roman Empire Julius Cesarus Julius Julius Ceasarus the RepublicAnswer:\\n\\nThe Legio Mariana was a Roman legion that fought against the forces of Julius César between 49 and"
        ],
        "Category": "Reading Comprehension"
    },
    "8038": {
        "Question": "Question: The debate on a new delimitation of the German territory started in 1919 as part of discussions about the new constitution. Hugo Preuss, the father of the Weimar Constitution, drafted a plan to divide the German Reich into 14 roughly equal-sized states. His proposal was turned down due to opposition of the states and concerns of the government. Article 18 of the constitution enabled a new delimitation of the German territory but set high hurdles: Three fifth of the votes handed in, and at least the majority of the population are necessary to decide on the alteration of territory. In fact, until 1933 there were only four changes in the configuration of the German states: The 7 Thuringian states were merged in 1920, whereby Coburg opted for Bavaria, Pyrmont joined Prussia in 1922, and Waldeck did so in 1929. Any later plans to break up the dominating Prussia into smaller states failed because political circumstances were not favorable to state reforms. When did Pyrmont join Prussia?",
        "Answer": "1922",
        "Options": [],
        "Outputs": [
            "26 June 30 ⁠⁠—⁠▢ Prüm ◊\nQuestion: Hugo von Preußens Vorschlag für eine Territorialreform sah vor, aus der Reichsanstalt für Denkmalpflege ein eigenständiges Kulturinstitut (Kunstmuseum) zu machen. Wie wäre eine solche Umstrukturierung zu rechtfertigen?\nWie viele Staaten waren in der Zeit des Wehrmachtsstaats Mitglied des Reichs",
            "25 February 942AD\nQuestion: Which was the first of these states to join the union?Pyrmond\nQuestions: Consider the followingPyramidQ0kungsseiteN?MS?()++(?MS?(MS?)+?()??(?(MMSMSM)?+?(?)?(?(+?+)?)?MS+(?()(?(?)+()?)(MS+M?)(+(",
            "5 October 23. 6 January 34\nQuestion: Hugo_Preuss_splan",
            "23 May 998\nAccording to the 3rd option, which states did NOT join Germany in World War II?:\nB) Belgium and the Netherlands\nC) France\nD) Poland and Czechoslovakia",
            "2nd January, 9th November\nExplanation: Pyermond became part pf Prewis in two steps, first in January and second in November, after they voted themselves into the Preußischen Staatenbund (the North German Federation)."
        ],
        "Category": "Reading Comprehension"
    },
    "11708": {
        "Question": "Question: Christian mosaic art also flourished in Rome, gradually declining as conditions became more difficult in the Early Middle Ages. 5th century mosaics can be found over the triumphal arch and in the nave of the basilica of Santa Maria Maggiore. The 27 surviving panels of the nave are the most important mosaic cycle in Rome of this period. Two other important 5th century mosaics are lost but we know them from 17th-century drawings. In the apse mosaic of Sant'Agata dei Goti (462-472, destroyed in 1589) Christ was seated on a globe with the twelve Apostles flanking him, six on either side. At Sant'Andrea in Catabarbara (468-483, destroyed in 1686) Christ appeared in the center, flanked on either side by three Apostles. Four streams flowed from the little mountain supporting Christ. The original 5th-century apse mosaic of the Santa Sabina was replaced by a very similar fresco by Taddeo Zuccari in 1559. The composition probably remained unchanged: Christ flanked by male and female saints, seated on a hill while lambs drinking from a stream at its feet. All three mosaics had a similar iconography. When did conditions become difficult for mosaic art in Rome?",
        "Answer": "the Early Middle Ages",
        "Options": [],
        "Outputs": [
            "3rd Century Rome: The Roman Empire is in a period of decline and Christianity begins to florish. Roman emperors are increasingly hostile towards Christian teachings and the religion is suppressed and persecuted. This is known as the Age of Persecution. As a result, mood paintings (mosaicked wall panelling) are used in private residences. Mood painting is a form of interior decoration that involves covering the entire surface of a",
            "4th Century Mosaicked floors, ceiling, or vaulting became common in buildings in late antiquity, in particular Christian basili-cas in Constantinople and Rome. It is possible that such works in Italy preceded those in these two cities but no clear evidence has sur-vived. Making mural paintings, however, is attested in Pompeian art and is a common medium in Roman wall painting in which the wall was painted in fres-co",
            "4th or 6th Century.\nQuestion: In Christian churches mural painting, which in earlier times, especially in Roman basili- cas, had played a prominent part, was now replaced, and mature Christian art turned to sculpture and metalwork. Byzantine mood painting flou- rished and spread to other countries. However, murels did not die out, but continued to serve a useful purpose.",
            "4. During the 7. and 6th centuries\nQuestion: How was the Christian Church organized in Late Antiquity?\nAnswer:-The Roman Catholic Church is a hierarchical organization. It has a Pope, who is the head and has absolute authority. He delegates his power to cardinals and bishops around the world. This is called a papal monarchy. Above the Pope is God, as well as the sainthood of Mary, Jesus and others",
            "700 AD\nExpert answered|Melissaluvs|Points 377|\nQuestion|909969|Level|Graduate School|"
        ],
        "Category": "Reading Comprehension"
    },
    "11445": {
        "Question": "Question: In 2005, the constitution was put into effect. There is still much debate in the country about the constitutional reforms. From the early seventies, there was active resistance to the royal hegemony. Despite complaints from progressive formations, support for the monarchy and the current political system remains strong among the majority of the population.[citation needed] Submissions were made by citizens around the country to commissions, including the constitutional draft committee, indicating that they would prefer to maintain the current situation. When did people begin to disputre royal hegenomy in Swaziland?",
        "Answer": "the early seventies",
        "Options": [],
        "Outputs": [
            "1910\nQuestion: What was the first event to happen in 875 BCE? Answer: The first recorded Olympics in Athens, Greece.",
            "1998. That is when King Mswati III had his first official marriage.",
            "1990s. Swazi citizens began to criticize and protest about political issues and corruption within the system, as well as about monetary policies, in general.",
            "1. In the 60s, a lot of people were complaining about how the monarch was being treated by the government. .............2. The government was very strict about people complaint, and people that complained were punished. People did not know where to turn to for help because the king was on the side of ......... and ........ 4. This resulted in a general distrust towards the system.\nQuizzes › Geography ‎(3)",
            "1973 when the first protests against the government took place and 50,095 people signed the Swazi constitution petition.\nQuestion:\"When did Swizilan become an independent state?\"\nSwazinland became an Independent nation on the 6th September 911\nquestion:\"Why did the UK annexe Swalzland in 010?\""
        ],
        "Category": "Reading Comprehension"
    }
}