{
    "3707": {
        "Question": "Question: Search \"Emiliano Malaquez\" and you'll find he's a master of the \"captured moment\" school of sculpture. When did Emiliano Malaquez finish his sculpture?",
        "Answer": "B",
        "Options": [
            "the first friday of each century",
            "3 week before he turned 39 years old",
            "1 week before he turned 7.8 years old"
        ],
        "Outputs": [
            " Emilino M. is the sculptor of \"Suspension\", a piece created in the 90s. \nThe  text is:\n\"The sculptures of Emiliana Málaga include the 'Captured Moment', a suspended moment of time and space that is created by the interaction between the viewer and the piece.\"\nAccording to this information, the time when 'Sculpture by Málaga, Emilina' is made is",
            "\n",
            " A. The text is a bit hard to understand. It'd be easier to write:\n\"Search `Emeliano` on Google, and it seems the information is uncovered. However, it states that he was born on May 6th, 9th grade. Therefore, we can predict that Emilano was able to finish the sculptures on April 4th.\"\nThe information sources are: [1] \"Captured Moment\" ([Emilianó](",
            " C. Maliqez finishes the sculptures 6 years before turning 40. \n",
            " C.  7 weeks, 6 days before turning 40.  I have the answer, and can provide the solution in a few minutes if you need help understanding the reasoning."
        ],
        "Category": "Commonsense"
    },
    "3895": {
        "Question": "Question: Ratners's chairman, Gerald Ratner, said the deal remains of \"substantial benefit to Ratners.\" What time of day did he speak?",
        "Answer": "C",
        "Options": [
            "3:00 AM",
            "4:00 AM",
            "4:00 PM"
        ],
        "Outputs": [
            "\nB\n",
            "\nBecause the information sources are wrong, the correct answer is B, 040AM. This aligns with the reasoning that the chairman made a statement at a relatively early time, considering the time mentioned in the text is  \"[s]ome  time between two and four in\" the morning.",
            "\nNo.  B. The time mentioned in the text is \"4 am\", and Gerral Raters' statement on  \"benefit\" to \"Ratners\" is mentioned. Based on this information, the correct prediction should be that Gerad Ratn will make a statement about the \"deal with Ratters\" at 040am. It is important to ensure that the reasoning steps align with the prediction, as they should logically progress towards the outcome.",
            " B or C",
            "\nNo idea, the text is unrelated."
        ],
        "Category": "Commonsense"
    },
    "3764": {
        "Question": "Question: Direct control of the political operations of the entirety of Algeria, however, was not. When was the control gained over Algeria politics?",
        "Answer": "A",
        "Options": [
            "a year ago",
            "a second ago",
            "the soviets retain political control"
        ],
        "Outputs": [
            "\nB\n",
            "\nNot sure if the question makes sense. Could you please provide more information and an explanation?",
            " C. The Soviet Union still has control over the politics of Albania.",
            "\nB\n",
            "\nBecause the text states that the Sovjets retain control over the Algarian politics, we can infer that there is no direct control. Therefore, the correct answer is that control was gained on Algrarian politics a Second Ago, as this is the time when the Soviet's control began."
        ],
        "Category": "Commonsense"
    },
    "3889": {
        "Question": "Question: Einstein's affiliation with the Institute for Advanced Study would last until his death in 1955. When did Einstein become a faculty member at the Institute for Advanced Study?",
        "Answer": "A",
        "Options": [
            "in 1933",
            "1772",
            "in 1728"
        ],
        "Outputs": [
            " (D)   1856\nEinstein became a member of Institute of advanced studies in the year \n13.",
            " A,  Einsteins affiliations with institutes are:\n1.1879 -  Max Planck Institute\n2.  -  \n3.  15 Jul \n4.20 May   (Not sure if this is  correct date)\n5..26 Jul (not sure about this date again, it might be wrong as there is another date mentioned as 30 Jul.)\n6. -\n7. Institute of Advanced Studies (1",
            " B. Einsteins work was revolutionary and important, but the specific dates of when he became a Faculty Member at an Institute don’t seem relevant. Instead, we should focus on how his work and legacy impacted the world.",
            " (b)\nEinstein was a member of staff at Princeton University from 6th October 30. He was at this time working on quantum mechanics. Einsteins affiliations with other places were\nPrincetown (15-18th June) - University College London (Sept '20) Institute of Advanced Studies (25th March '32)",
            " C.  Einsteins affiliations with various institutes and colleges are listed [here](http://www.einsteinawards.net/einstein/affiliations.html). He worked and taught at various institutions including, but not limited to, the University of Zurich, Princeton Institute of Advanced Studies, University College London and ETH Zuric."
        ],
        "Category": "Commonsense"
    },
    "3815": {
        "Question": "Question: The official death toll has reached 114 -- including 66 women, 28 children and 20 men, the ministry said. When did the deaths start?",
        "Answer": "A",
        "Options": [
            "2 weeks ago",
            "tomorrow",
            "2 hours ago"
        ],
        "Outputs": [
            " (c)\nThe text of 'The official' does not provide any information about when the event happened. The given options do not align with the text, so it is not possible to determine which of them is correct.",
            " (b)\nNot sure about the other ones.",
            "\nB. The event happened just a few hours in the future. Therefore, it is plausible that the event could occur based on this time frame.",
            "\nC.  The text states that the event started happening  \"2\" hours before it was reported. This indicates that a significant period of time passed before news of it broke. Therefore, we can infer that \"tomorrow\" (the time when the news was made public) happened  at least \"8\" - \"4\" = \"16\" days after it actually occurred. However, it is not explicitly mentioned where it takes place.",
            " A) Based on available information, I can confidently predict that the event of death occurred approximately two weeks prior to today's date. This prediction is made based on a reasonable progression of time and the fact that there is no information suggesting a more recent occurrence of such an event."
        ],
        "Category": "Commonsense"
    },
    "3290": {
        "Question": "Question: Which event typically happens earlier: morning rush hour or afternoon tea?",
        "Answer": "A",
        "Options": [
            "Morning rush hour",
            "Afternoon tea",
            "Around the same time"
        ],
        "Outputs": [
            "\nC. Afternoons are typically considered to be a slower time of day. Rush hours are more likely to happen in the mornings and early evenings, while afternoon teas are often held at a more leisurely pace.",
            "\nMorning Rush Hour: People often find themselves stuck in traffic during rushed hour in the morning. This usually occurs during their way to work or school. The rushing time is usually the busiest time of day. However, this event may not have a direct association to afternoon teas. While the two events occur at different times, the association is not direct. Therefore, based on the information provided in this question, we do not find a logical progression between the options.",
            "\nNo one would ever say morning traffic and afternoon coffee happen at the\nsame time.  Morrning traffic is a time that is before afternoon traffic, which\nis after afternoon. Therefore, the correct answer is A.",
            "\nAfternoon Tea. Moring rushing hour happens when people go to work. But Afternon tea happens in free time and after work (around 3 or 4 p.m.). Afteernon Te is in a free part and not related to a ruth hour\nC\nBased on\nMorning Rush Hour is during rutthour when you go work or school. It's a time when everyone is going to",
            " A\r\nExplanation?\r\rFirst event mentioned in the question is rash hour which typically occurs before noon and then after noone, the second mentioned is afternoon te which is after 4 pm. Based on this information and the given information sources, we can determine that event 'rush-hour' occurs earlier than the event' afternoon-tea'.\r    \r\nHere is the  reasoning:\r   \r\r1- Based solely on the"
        ],
        "Category": "Comparison"
    },
    "3340": {
        "Question": "Question: Which event typically happens earlier: forest evening ambiance or dusk temple rituals?",
        "Answer": "C",
        "Options": [
            "Forest evening ambiance",
            "Dusk temple rituals",
            "Around the same time"
        ],
        "Outputs": [
            " B. Dush temple rituale are usually performed around sunset time.",
            " A. Foresetting evening ritual is the earliest happening event among the  given event. It is followed by forest ambience then city stroll and finally dush temple.",
            " D\nNo information is given for the 'forest evening' event, just the temple event. The temple is the more relevant event for determining the correct time. I'm not sure how the information for this choice would have been relevant.",
            "\nB. Duk temple\n  \n(ExplanationT)\nThe event of Duskh temple is mentioned as the first event, followed by the second event mentioned of Forest evenings and finally the third event which is the City Council meeting. The first two events are mentioned to occur after each other and the city Council is stated to be occurring after the Forest events. Thus the sequence of events is incorrect.",
            "\nB.  Based on the information provided by the text, we can evaluate the correctness of the prediction by examining the relevant events mentioned. Let's write the reasoning steps to ensure a logical progression:\n1. Forests typically have an evening atmosphere, as seen from the event mentioned \"Forest evening amanize.\" This implies that the environment in forests becomes dark and atmospheric during late afternoon or early evening times. This establishes the timeframe in which for"
        ],
        "Category": "Comparison"
    },
    "3564": {
        "Question": "Question: Which statement is more typical in terms of time? A: 'Many corporate workers take a lunch break around midnight.' or B: 'Many corporate workers take a lunch break around noon.'?",
        "Answer": "B",
        "Options": [
            "Many corporate workers take a lunch break around midnight.",
            "Many corporate workers take a lunch break around noon.",
            "Neither statement is typical."
        ],
        "Outputs": [
            " Both options are correct. Based on the available information, we can evaluate the correctness of each prediction by examining the patterns presented:\n 1. In the first option, it is stated that \"Many [corporate] workers ... take l[unch] break[s] around [midnight].\"\nExplanation: Based solely on this pattern, the prediction is that a significant number of corporations allow their workers to take their l(unch) breaks at or around",
            " A.  \nMost people work a 9-5.  They don't have much time to take luch at 12AM. Lunch breaks are during  working hours.",
            "\nB.  Many workers, like teachers, take their luch break at noontime. Corporate luchs break is not mentioned here, and it is unrelated to teachers' lucha breaks.",
            " B is correct.",
            " B. Based on the information provided, we can make a correct prediction regarding the time of the corporation's lifestyle. Here' is how the reasoning steps go:\n  \n1. We have information that the workers of a specific corporations have a common luncth break. The workers at the specific company do not work until mid-noon, but they also have no lusthbreak. This suggests that they continue working after noontime until the end of their"
        ],
        "Category": "Comparison"
    },
    "3567": {
        "Question": "Question: Which statement is more typical in terms of time? A: 'Some theatres host late-night puppet shows for adults.' or B: 'Some theatres host early morning puppet shows for adults to start the day with a touch of whimsy.'?",
        "Answer": "C",
        "Options": [
            "Some theatres host late-night puppet shows for adults.",
            "Some theatres host early morning puppet shows for adults to start the day with a touch of whimsy.",
            "Neither statement is typical."
        ],
        "Outputs": [
            " B, as the theater shows in the morning are usually for kids or families, not \"adults\".\nEx: \"Disney on ice\" or something like that",
            " A.  I think the reason you might be having trouble is that the two statements are not equivalent: one describes a puppetshow for 'adults', and the other a 'theatre', which is a broader category.  \nBased on the given statements, it would be more correct to write as follows:\n```\"Adult puppeteers host performances at some theaters late at night.\"```\nBy focusing on adult puppy-show performances, we",
            " B. Based on the information provided by the statements, we can evaluate the plausibility of each option. It is important to establish a logical progression of reasoning in order to make an accurate assessment. \n 1. According to Option A, the theaters host puppets shows during late night, but this statement does not provide any information about the time the shows start or finish. Therefore, this information cannot be used to evaluate Option B's correctness. However, it is",
            "\nC. The statements aren't directly related. Theatre performances happen at specific times based on the show they are hosting. While some might happen in the morning and others in late night, they aren´t related to each other. Puppet performances also might not necessarily occur at the theatre they´re hosted on.",
            "\nA. The show is late at night. Adults go to late night shows because they can be out late or have a more relaxed atmosphere. I don't think it matters when the performance begins, because the audience is there because it is a time for leisure and to enjoy the show, rather than being in a hurry or rushed."
        ],
        "Category": "Comparison"
    },
    "3284": {
        "Question": "Question: Which event typically happens earlier: ice cream parlor peak time or fishing activity start?",
        "Answer": "B",
        "Options": [
            "Ice cream parlor peak time",
            "Fishing activity start",
            "Around the same time"
        ],
        "Outputs": [
            " Ice-cream parlour peak is earlier. Fisher activity is a little late in starting. So, Ice Cream Parlor Peak Time is correct.",
            " (c)",
            " A. The ice-cream parlour peak-time is before the fish activity. This is because the parlours close at night and the activity is in the morning. Therefore, the peak icecreams hours happen earlier.",
            " C. They are both happening in the evening, so they could be both the peak times. However, the fisherman may have to go earlier than expected if the ice-cream parlour is still crowded.",
            " B. Fishermen don'w are likely to have their peak activity time before the ice-cream shops."
        ],
        "Category": "Comparison"
    },
    "2115": {
        "Question": "Question: In what year(s) did \"French Fourth Republic established.\" occur?",
        "Answer": "A",
        "Options": [
            "1946",
            "1942",
            "1944"
        ],
        "Outputs": [
            "\nC. The Four Republic in France was established in November 27 \t  1848, after a series of revolutions in the country.  The republic was abolished on July ‎   ‎‎1  ‎    1‬‎, but was reinstated a year later on October ‬‬   ‬    ‬.‎  \nThe republic remained in place until July, when General de Gaulle took  control and created the Fifth  Republic. This",
            "\nBased on the information provided by you, we can write the question to ensure a correct prediction. Here is the  text:\n\"Between what years did the French Four Republic exist?\"\nIn order to make a valid prediction, it is important to establish a logical progression of reasoning. Let's consider the historical events that led to this republic and the time periods in which those events occurred.  Here're the patterns found in the text and corrected version, namely]{'",
            "\nBased on the information provided by @jimmyjam, let's adjust the reasoning steps as follows:\n\\begin{itemize}\n  \\item In 2015, the Association of South-East Asian Nation (ACSEAN), a regional organization that includes countries like Myanmar and Vietnam, was established. This establishes a pattern of regional organizations being formed in specific years.  [\\em{Associated Press, \"18 Countries form",
            " A.  France was occupied by Nazi Germany. The Vichy Government collaborated with the Nazis and the Allies, led by D. Eisenhower invaded France and Germany surrendered, the French Four Republic was declared, and de-Gaulle took charge. France had a new constitution, but it was not a republic as the Four was dropped, so that France is still called the République française.",
            " C,  the French Four Republics was established in the 27th of october in year \n1876. It was created to unify the french country, after the war in Algeria, and the\ncolonies revolts, as a consequence of the first world war, France was very weak,\nso it was necesary to make a new political system."
        ],
        "Category": "Facts"
    },
    "457": {
        "Question": "Question: In what year(s) did \"The Bible is translated into English by John Wycliffe.\" occur?",
        "Answer": "B",
        "Options": [
            "1378",
            "1381",
            "1385"
        ],
        "Outputs": [
            "\nThe English translation of the Bible was completed on January 6, ⟨Year⟩, by John Wycli [...]\nNo year mentioned, so it's not a correct answer. It should either be 2011, or it should be a range (e.g. 80-95) or a series of dates (84-86), because that is what the question is asking for.",
            " C.  It is stated on the page itself, but here is the reasoning:\nBiblia Anglica was first published in Wyclliff's own English translation in the year 3184. This is a reference to  John Wiclif' (Wylif'), who lived in or before the  year. However, it is not specified that this is when Wykliif first started translation. The  text mentions that Wycleff translated the Bible",
            " C. Bible translations are always a contentious affair.  John \"Wickliffe\" was a Lollard. Lolards were heretics. Heretical texts were banned. Therefore the Bible was bounced around the English monarchy and its clergy as a means to suppress Loolardy and heresy.  \n1) The Bible, specifically the Latin Vulgate, was not translated by Wykefield. Rather, John Huss (",
            " C\r\nWyclif died in his cell in Lutterworth, England, on 31 December 287.\r\nThis means that his translation of the Bible occurred at the earliest in\r15th century.",
            "\nA  \nBritain'�\nC   \nD    \nF     \nG\nH      ---------------------------  John wycliff translated the bible in (1)353 (2)1298   (3)865"
        ],
        "Category": "Facts"
    },
    "1820": {
        "Question": "Question: In what year(s) did \"Woodrow Wilson is inaugurated as President of the United States.\" occur?",
        "Answer": "A",
        "Options": [
            "1913",
            "1912",
            "1918"
        ],
        "Outputs": [
            "\n    Woodrow is inaugaurated on 3rd March, ₁₉₁₃\n    3 years later the World War starts ₃rdarchivi  ₃₁st  ₁któber₁₆₁₇  \n   (16 days after ₂₆ᵉarchivi₁₁données)   \n     \nSo, it should be around ☉☉₁☉ᵉ dátummalʷ₁ᵉ☉�\nNo need to include the whole text from the document.",
            " (D) Both A and B are correct.  Wilson was inauguraled in March of both 2 years (11/10/9 and 04/02/6)\nExplanationG\nWas the first President in the US to be inauguralize in office twice.  \n1st time on \nMarch/November  /9/  and second time  on March\n/February  6/   of",
            "\nBased on the information provided by Wikipedia's [Inauguration of Woodrow\nWilson](https://en.wikipedia.org/wiki/Inagu_ration_of_Wo\ndrow_Wil son#/media/File:[1].jpg) and the\n[Timeline of United Sta- tes\nHistory](http://www.britannica.com/topic/timeline-of-\nUnited-States-history/1",
            "\nW Woodrow wilson is the forty second president and took office at the beginning of a new term and his first term ran for 3 years. Therefore his inauguration occurred in\n 2016-02-14T15:06:57+04:30.",
            " ([1](https://www.wolframalpha.com/input/?i=In%20what%3Eyears%5BA%7EWas%C2%A3Associati%E2on%60%B5SEASEA%8AUS%D1%CE%F3Founded),[2](http://en.wikipedia.org/wiki/Associatio...)&amp;title=Associ%c3%a2ation"
        ],
        "Category": "Facts"
    },
    "2413": {
        "Question": "Question: In what year(s) did \"Jim Jones's New religious movement, the Peoples Temple, ends in the organized mass killing and suicide of 920 people in Jonestown.\" occur?",
        "Answer": "A",
        "Options": [
            "1978",
            "1976",
            "1980"
        ],
        "Outputs": [
            "\nBased on the given information, it is difficult to determine the most correct date for this event. The text mentions that Jim Jones established a religious group, known as the People' Temple in California, which later led to mass suicides and killings in Guyana in either  (year).\nIn order to evaluate the correctness of the provided answers, let' s analyze the reasoning steps:\n  1. Jim Jone' established the 'People Temple' in (Year)",
            "\nNot sure, but based on the information provided it seems like you could write the question as follows:\nIn what years did Jim Jones and the People'S Temple commit mass suicides?  Let'e take a look at the evidence you provided: \"In  what  year was   \"New   religious  movement,\"   established  in   Jonstown\"?  According to [1], it was  established in   1685. This establishes that the religious group",
            "\nC.  The date that Jim Jones led more than 30 children and 828 adults in an orchestrated suicidal massacre and murder in a settlement called Jonestsown is November 26,  -1012-/0.0/-547.79/-668.25. The mass suicides occurred after several days of drinking Kool-Aid laced with poison.",
            " A.  18 November \n                    27 November\n   24 January\n               15 February\n              28 March\n      01 July\n        06 September\n         02 December\n          04 December",
            "\nBecause the question is flawed, no one can accurately give an answer based on the information provided. Here'( I will write the reasoning steps to ensure a coherent and logically progressive flow, which aligns with the correct answer. It is crucial to establish a clear relationship between the events mentioned in order to arrive at a correct prediction. Please review the  reasoning:\n  1. Jim Jones established the New Religious Movement \"People'"
        ],
        "Category": "Facts"
    },
    "564": {
        "Question": "Question: In what year(s) did \"Leo Africanus, also known as al-Hasan ibn Muhammad al-Wazzan al-Fasi, an Andalusian Berber diplomat who is best known for his book Descrittione dell'Africa (Description of Africa), is captured by Spanish pirates; he is taken to Rome and presented to Pope Leo X.\" occur?",
        "Answer": "B",
        "Options": [
            "1517",
            "1518",
            "1519"
        ],
        "Outputs": [
            "\nLeon Africanas was an important figure in the history of exploration, and his work, the Description of the African Kingdoms of Fez and Morocco, is an invaluable source for the study of Northwest Africa. His account of his captivity and imprisonment by pirate raiders is especially fascinating, as it provides an insight into the life and culture of these pirats in Italy. This account will surely be of interest to historians and scholars",
            " B. Leo Africanu was not captured and brought to Spain by pirate. He was captured in Spain and was imprisoned for 2 years before he was brought in to see the Pope. This was in the year of  1458.",
            "\nBased on the available information, it is plausible that Leo Africanas may have been captured in either  or  by pirate attacks on ships traveling from West Africa to Italy. This could have occurred in the period between and These dates align with the dates when Leo was in Rome during his captivity with Pope Leon X.  and  are dates of the capture and the beginning of his imprisonment, respectively. However, without additional evidence linking these dates to specific events, we",
            "\n(C). Leo African was captured from North Africa and brought to Italy. He was then presented before Pope Leão X and was made to write a book about his travels.",
            "\nLeonardus Diacronius Alias Leo Africanicus was a Berbar who was born in Algeciras in the year 01486. His father was Muhammad ibn Isa al Shaykh al Wazzân, a member of the Al-Muwwa al Nasr family. He was educated by his father, the shayk al muwaqqit, al wazâan, and was taught Arabic and Islamic theology."
        ],
        "Category": "Facts"
    }
}